decision_path,output_count,valid_decision_equivalent_combinations,recommendation_sets,input_fields_varying_within_displayed_path
Primary task: Temporal pattern | Form of accelerometer metric: Continuous signal | Display level: Summary values only | Comparison: Conditions (Independent) | Temporal series intended for one panel: 1,3,24,RS001: Observation-by-time heatmap | Small-multiple time-series plots ; RS017: Summary time profile ; RS018: Summary time profile with interval ribbon,show_variability | many_observations | target_audience | temporal_context
Primary task: Temporal pattern | Form of accelerometer metric: Continuous signal | Display level: Summary values only | Comparison: Conditions (Independent) | Temporal series intended for one panel: 4,3,24,RS001: Observation-by-time heatmap | Small-multiple time-series plots ; RS017: Summary time profile ; RS018: Summary time profile with interval ribbon,show_variability | many_observations | target_audience | temporal_context
Primary task: Temporal pattern | Form of accelerometer metric: Continuous signal | Display level: Summary values only | Comparison: Conditions (Independent) | Temporal series intended for one panel: 7,3,24,RS006: Observation-by-time heatmap ; RS017: Summary time profile ; RS018: Summary time profile with interval ribbon,show_variability | many_observations | target_audience | temporal_context
Primary task: Temporal pattern | Form of accelerometer metric: Continuous signal | Display level: Summary values only | Comparison: Conditions (Paired or repeated) | Temporal series intended for one panel: 1 | Linked comparison levels: 2,3,24,RS001: Observation-by-time heatmap | Small-multiple time-series plots ; RS017: Summary time profile ; RS018: Summary time profile with interval ribbon,show_variability | many_observations | target_audience | temporal_context
Primary task: Temporal pattern | Form of accelerometer metric: Continuous signal | Display level: Summary values only | Comparison: Conditions (Paired or repeated) | Temporal series intended for one panel: 1 | Linked comparison levels: 3,3,24,RS001: Observation-by-time heatmap | Small-multiple time-series plots ; RS017: Summary time profile ; RS018: Summary time profile with interval ribbon,show_variability | many_observations | target_audience | temporal_context
Primary task: Temporal pattern | Form of accelerometer metric: Continuous signal | Display level: Summary values only | Comparison: Conditions (Paired or repeated) | Temporal series intended for one panel: 4 | Linked comparison levels: 2,3,24,RS001: Observation-by-time heatmap | Small-multiple time-series plots ; RS017: Summary time profile ; RS018: Summary time profile with interval ribbon,show_variability | many_observations | target_audience | temporal_context
Primary task: Temporal pattern | Form of accelerometer metric: Continuous signal | Display level: Summary values only | Comparison: Conditions (Paired or repeated) | Temporal series intended for one panel: 4 | Linked comparison levels: 3,3,24,RS001: Observation-by-time heatmap | Small-multiple time-series plots ; RS017: Summary time profile ; RS018: Summary time profile with interval ribbon,show_variability | many_observations | target_audience | temporal_context
Primary task: Temporal pattern | Form of accelerometer metric: Continuous signal | Display level: Summary values only | Comparison: Conditions (Paired or repeated) | Temporal series intended for one panel: 7 | Linked comparison levels: 2,3,24,RS006: Observation-by-time heatmap ; RS017: Summary time profile ; RS018: Summary time profile with interval ribbon,show_variability | many_observations | target_audience | temporal_context
Primary task: Temporal pattern | Form of accelerometer metric: Continuous signal | Display level: Summary values only | Comparison: Conditions (Paired or repeated) | Temporal series intended for one panel: 7 | Linked comparison levels: 3,3,24,RS006: Observation-by-time heatmap ; RS017: Summary time profile ; RS018: Summary time profile with interval ribbon,show_variability | many_observations | target_audience | temporal_context
Primary task: Temporal pattern | Form of accelerometer metric: Continuous signal | Display level: Summary values only | Comparison: Discrete time periods (Independent) | Temporal series intended for one panel: 1,3,24,RS001: Observation-by-time heatmap | Small-multiple time-series plots ; RS017: Summary time profile ; RS018: Summary time profile with interval ribbon,show_variability | many_observations | target_audience | temporal_context
Primary task: Temporal pattern | Form of accelerometer metric: Continuous signal | Display level: Summary values only | Comparison: Discrete time periods (Independent) | Temporal series intended for one panel: 4,3,24,RS001: Observation-by-time heatmap | Small-multiple time-series plots ; RS017: Summary time profile ; RS018: Summary time profile with interval ribbon,show_variability | many_observations | target_audience | temporal_context
Primary task: Temporal pattern | Form of accelerometer metric: Continuous signal | Display level: Summary values only | Comparison: Discrete time periods (Independent) | Temporal series intended for one panel: 7,3,24,RS006: Observation-by-time heatmap ; RS017: Summary time profile ; RS018: Summary time profile with interval ribbon,show_variability | many_observations | target_audience | temporal_context
Primary task: Temporal pattern | Form of accelerometer metric: Continuous signal | Display level: Summary values only | Comparison: Discrete time periods (Paired or repeated) | Temporal series intended for one panel: 1 | Linked comparison levels: 2,3,24,RS001: Observation-by-time heatmap | Small-multiple time-series plots ; RS017: Summary time profile ; RS018: Summary time profile with interval ribbon,show_variability | many_observations | target_audience | temporal_context
Primary task: Temporal pattern | Form of accelerometer metric: Continuous signal | Display level: Summary values only | Comparison: Discrete time periods (Paired or repeated) | Temporal series intended for one panel: 1 | Linked comparison levels: 3,3,24,RS001: Observation-by-time heatmap | Small-multiple time-series plots ; RS017: Summary time profile ; RS018: Summary time profile with interval ribbon,show_variability | many_observations | target_audience | temporal_context
Primary task: Temporal pattern | Form of accelerometer metric: Continuous signal | Display level: Summary values only | Comparison: Discrete time periods (Paired or repeated) | Temporal series intended for one panel: 4 | Linked comparison levels: 2,3,24,RS001: Observation-by-time heatmap | Small-multiple time-series plots ; RS017: Summary time profile ; RS018: Summary time profile with interval ribbon,show_variability | many_observations | target_audience | temporal_context
Primary task: Temporal pattern | Form of accelerometer metric: Continuous signal | Display level: Summary values only | Comparison: Discrete time periods (Paired or repeated) | Temporal series intended for one panel: 4 | Linked comparison levels: 3,3,24,RS001: Observation-by-time heatmap | Small-multiple time-series plots ; RS017: Summary time profile ; RS018: Summary time profile with interval ribbon,show_variability | many_observations | target_audience | temporal_context
Primary task: Temporal pattern | Form of accelerometer metric: Continuous signal | Display level: Summary values only | Comparison: Discrete time periods (Paired or repeated) | Temporal series intended for one panel: 7 | Linked comparison levels: 2,3,24,RS006: Observation-by-time heatmap ; RS017: Summary time profile ; RS018: Summary time profile with interval ribbon,show_variability | many_observations | target_audience | temporal_context
Primary task: Temporal pattern | Form of accelerometer metric: Continuous signal | Display level: Summary values only | Comparison: Discrete time periods (Paired or repeated) | Temporal series intended for one panel: 7 | Linked comparison levels: 3,3,24,RS006: Observation-by-time heatmap ; RS017: Summary time profile ; RS018: Summary time profile with interval ribbon,show_variability | many_observations | target_audience | temporal_context
Primary task: Temporal pattern | Form of accelerometer metric: Continuous signal | Display level: Summary values only | Comparison: Groups (Independent) | Temporal series intended for one panel: 1,3,24,RS001: Observation-by-time heatmap | Small-multiple time-series plots ; RS017: Summary time profile ; RS018: Summary time profile with interval ribbon,show_variability | many_observations | target_audience | temporal_context
Primary task: Temporal pattern | Form of accelerometer metric: Continuous signal | Display level: Summary values only | Comparison: Groups (Independent) | Temporal series intended for one panel: 4,3,24,RS001: Observation-by-time heatmap | Small-multiple time-series plots ; RS017: Summary time profile ; RS018: Summary time profile with interval ribbon,show_variability | many_observations | target_audience | temporal_context
Primary task: Temporal pattern | Form of accelerometer metric: Continuous signal | Display level: Summary values only | Comparison: Groups (Independent) | Temporal series intended for one panel: 7,3,24,RS006: Observation-by-time heatmap ; RS017: Summary time profile ; RS018: Summary time profile with interval ribbon,show_variability | many_observations | target_audience | temporal_context
Primary task: Temporal pattern | Form of accelerometer metric: Continuous signal | Display level: Summary values only | Comparison: Groups (Paired or repeated) | Temporal series intended for one panel: 1 | Linked comparison levels: 2,3,24,RS001: Observation-by-time heatmap | Small-multiple time-series plots ; RS017: Summary time profile ; RS018: Summary time profile with interval ribbon,show_variability | many_observations | target_audience | temporal_context
Primary task: Temporal pattern | Form of accelerometer metric: Continuous signal | Display level: Summary values only | Comparison: Groups (Paired or repeated) | Temporal series intended for one panel: 1 | Linked comparison levels: 3,3,24,RS001: Observation-by-time heatmap | Small-multiple time-series plots ; RS017: Summary time profile ; RS018: Summary time profile with interval ribbon,show_variability | many_observations | target_audience | temporal_context
Primary task: Temporal pattern | Form of accelerometer metric: Continuous signal | Display level: Summary values only | Comparison: Groups (Paired or repeated) | Temporal series intended for one panel: 4 | Linked comparison levels: 2,3,24,RS001: Observation-by-time heatmap | Small-multiple time-series plots ; RS017: Summary time profile ; RS018: Summary time profile with interval ribbon,show_variability | many_observations | target_audience | temporal_context
Primary task: Temporal pattern | Form of accelerometer metric: Continuous signal | Display level: Summary values only | Comparison: Groups (Paired or repeated) | Temporal series intended for one panel: 4 | Linked comparison levels: 3,3,24,RS001: Observation-by-time heatmap | Small-multiple time-series plots ; RS017: Summary time profile ; RS018: Summary time profile with interval ribbon,show_variability | many_observations | target_audience | temporal_context
Primary task: Temporal pattern | Form of accelerometer metric: Continuous signal | Display level: Summary values only | Comparison: Groups (Paired or repeated) | Temporal series intended for one panel: 7 | Linked comparison levels: 2,3,24,RS006: Observation-by-time heatmap ; RS017: Summary time profile ; RS018: Summary time profile with interval ribbon,show_variability | many_observations | target_audience | temporal_context
Primary task: Temporal pattern | Form of accelerometer metric: Continuous signal | Display level: Summary values only | Comparison: Groups (Paired or repeated) | Temporal series intended for one panel: 7 | Linked comparison levels: 3,3,24,RS006: Observation-by-time heatmap ; RS017: Summary time profile ; RS018: Summary time profile with interval ribbon,show_variability | many_observations | target_audience | temporal_context
Primary task: Temporal pattern | Form of accelerometer metric: Continuous signal | Display level: Summary values only | Comparison: No explicit comparison | Temporal series intended for one panel: 1,3,24,RS001: Observation-by-time heatmap | Small-multiple time-series plots ; RS017: Summary time profile ; RS018: Summary time profile with interval ribbon,show_variability | many_observations | target_audience | temporal_context
Primary task: Temporal pattern | Form of accelerometer metric: Continuous signal | Display level: Summary values only | Comparison: No explicit comparison | Temporal series intended for one panel: 4,3,24,RS001: Observation-by-time heatmap | Small-multiple time-series plots ; RS017: Summary time profile ; RS018: Summary time profile with interval ribbon,show_variability | many_observations | target_audience | temporal_context
Primary task: Temporal pattern | Form of accelerometer metric: Continuous signal | Display level: Summary values only | Comparison: No explicit comparison | Temporal series intended for one panel: 7,3,24,RS006: Observation-by-time heatmap ; RS017: Summary time profile ; RS018: Summary time profile with interval ribbon,show_variability | many_observations | target_audience | temporal_context
Primary task: Temporal pattern | Form of accelerometer metric: Derived metric | Display level: Summary values only | Comparison: Conditions (Independent) | Temporal series intended for one panel: 1,3,24,RS001: Observation-by-time heatmap | Small-multiple time-series plots ; RS017: Summary time profile ; RS018: Summary time profile with interval ribbon,show_variability | many_observations | target_audience | temporal_context
Primary task: Temporal pattern | Form of accelerometer metric: Derived metric | Display level: Summary values only | Comparison: Conditions (Independent) | Temporal series intended for one panel: 4,3,24,RS001: Observation-by-time heatmap | Small-multiple time-series plots ; RS017: Summary time profile ; RS018: Summary time profile with interval ribbon,show_variability | many_observations | target_audience | temporal_context
Primary task: Temporal pattern | Form of accelerometer metric: Derived metric | Display level: Summary values only | Comparison: Conditions (Independent) | Temporal series intended for one panel: 7,3,24,RS006: Observation-by-time heatmap ; RS017: Summary time profile ; RS018: Summary time profile with interval ribbon,show_variability | many_observations | target_audience | temporal_context
Primary task: Temporal pattern | Form of accelerometer metric: Derived metric | Display level: Summary values only | Comparison: Conditions (Paired or repeated) | Temporal series intended for one panel: 1 | Linked comparison levels: 2,3,24,RS001: Observation-by-time heatmap | Small-multiple time-series plots ; RS017: Summary time profile ; RS018: Summary time profile with interval ribbon,show_variability | many_observations | target_audience | temporal_context
Primary task: Temporal pattern | Form of accelerometer metric: Derived metric | Display level: Summary values only | Comparison: Conditions (Paired or repeated) | Temporal series intended for one panel: 1 | Linked comparison levels: 3,3,24,RS001: Observation-by-time heatmap | Small-multiple time-series plots ; RS017: Summary time profile ; RS018: Summary time profile with interval ribbon,show_variability | many_observations | target_audience | temporal_context
Primary task: Temporal pattern | Form of accelerometer metric: Derived metric | Display level: Summary values only | Comparison: Conditions (Paired or repeated) | Temporal series intended for one panel: 4 | Linked comparison levels: 2,3,24,RS001: Observation-by-time heatmap | Small-multiple time-series plots ; RS017: Summary time profile ; RS018: Summary time profile with interval ribbon,show_variability | many_observations | target_audience | temporal_context
Primary task: Temporal pattern | Form of accelerometer metric: Derived metric | Display level: Summary values only | Comparison: Conditions (Paired or repeated) | Temporal series intended for one panel: 4 | Linked comparison levels: 3,3,24,RS001: Observation-by-time heatmap | Small-multiple time-series plots ; RS017: Summary time profile ; RS018: Summary time profile with interval ribbon,show_variability | many_observations | target_audience | temporal_context
Primary task: Temporal pattern | Form of accelerometer metric: Derived metric | Display level: Summary values only | Comparison: Conditions (Paired or repeated) | Temporal series intended for one panel: 7 | Linked comparison levels: 2,3,24,RS006: Observation-by-time heatmap ; RS017: Summary time profile ; RS018: Summary time profile with interval ribbon,show_variability | many_observations | target_audience | temporal_context
Primary task: Temporal pattern | Form of accelerometer metric: Derived metric | Display level: Summary values only | Comparison: Conditions (Paired or repeated) | Temporal series intended for one panel: 7 | Linked comparison levels: 3,3,24,RS006: Observation-by-time heatmap ; RS017: Summary time profile ; RS018: Summary time profile with interval ribbon,show_variability | many_observations | target_audience | temporal_context
Primary task: Temporal pattern | Form of accelerometer metric: Derived metric | Display level: Summary values only | Comparison: Discrete time periods (Independent) | Temporal series intended for one panel: 1,3,24,RS001: Observation-by-time heatmap | Small-multiple time-series plots ; RS017: Summary time profile ; RS018: Summary time profile with interval ribbon,show_variability | many_observations | target_audience | temporal_context
Primary task: Temporal pattern | Form of accelerometer metric: Derived metric | Display level: Summary values only | Comparison: Discrete time periods (Independent) | Temporal series intended for one panel: 4,3,24,RS001: Observation-by-time heatmap | Small-multiple time-series plots ; RS017: Summary time profile ; RS018: Summary time profile with interval ribbon,show_variability | many_observations | target_audience | temporal_context
Primary task: Temporal pattern | Form of accelerometer metric: Derived metric | Display level: Summary values only | Comparison: Discrete time periods (Independent) | Temporal series intended for one panel: 7,3,24,RS006: Observation-by-time heatmap ; RS017: Summary time profile ; RS018: Summary time profile with interval ribbon,show_variability | many_observations | target_audience | temporal_context
Primary task: Temporal pattern | Form of accelerometer metric: Derived metric | Display level: Summary values only | Comparison: Discrete time periods (Paired or repeated) | Temporal series intended for one panel: 1 | Linked comparison levels: 2,3,24,RS001: Observation-by-time heatmap | Small-multiple time-series plots ; RS017: Summary time profile ; RS018: Summary time profile with interval ribbon,show_variability | many_observations | target_audience | temporal_context
Primary task: Temporal pattern | Form of accelerometer metric: Derived metric | Display level: Summary values only | Comparison: Discrete time periods (Paired or repeated) | Temporal series intended for one panel: 1 | Linked comparison levels: 3,3,24,RS001: Observation-by-time heatmap | Small-multiple time-series plots ; RS017: Summary time profile ; RS018: Summary time profile with interval ribbon,show_variability | many_observations | target_audience | temporal_context
Primary task: Temporal pattern | Form of accelerometer metric: Derived metric | Display level: Summary values only | Comparison: Discrete time periods (Paired or repeated) | Temporal series intended for one panel: 4 | Linked comparison levels: 2,3,24,RS001: Observation-by-time heatmap | Small-multiple time-series plots ; RS017: Summary time profile ; RS018: Summary time profile with interval ribbon,show_variability | many_observations | target_audience | temporal_context
Primary task: Temporal pattern | Form of accelerometer metric: Derived metric | Display level: Summary values only | Comparison: Discrete time periods (Paired or repeated) | Temporal series intended for one panel: 4 | Linked comparison levels: 3,3,24,RS001: Observation-by-time heatmap | Small-multiple time-series plots ; RS017: Summary time profile ; RS018: Summary time profile with interval ribbon,show_variability | many_observations | target_audience | temporal_context
Primary task: Temporal pattern | Form of accelerometer metric: Derived metric | Display level: Summary values only | Comparison: Discrete time periods (Paired or repeated) | Temporal series intended for one panel: 7 | Linked comparison levels: 2,3,24,RS006: Observation-by-time heatmap ; RS017: Summary time profile ; RS018: Summary time profile with interval ribbon,show_variability | many_observations | target_audience | temporal_context
Primary task: Temporal pattern | Form of accelerometer metric: Derived metric | Display level: Summary values only | Comparison: Discrete time periods (Paired or repeated) | Temporal series intended for one panel: 7 | Linked comparison levels: 3,3,24,RS006: Observation-by-time heatmap ; RS017: Summary time profile ; RS018: Summary time profile with interval ribbon,show_variability | many_observations | target_audience | temporal_context
Primary task: Temporal pattern | Form of accelerometer metric: Derived metric | Display level: Summary values only | Comparison: Groups (Independent) | Temporal series intended for one panel: 1,3,24,RS001: Observation-by-time heatmap | Small-multiple time-series plots ; RS017: Summary time profile ; RS018: Summary time profile with interval ribbon,show_variability | many_observations | target_audience | temporal_context
Primary task: Temporal pattern | Form of accelerometer metric: Derived metric | Display level: Summary values only | Comparison: Groups (Independent) | Temporal series intended for one panel: 4,3,24,RS001: Observation-by-time heatmap | Small-multiple time-series plots ; RS017: Summary time profile ; RS018: Summary time profile with interval ribbon,show_variability | many_observations | target_audience | temporal_context
Primary task: Temporal pattern | Form of accelerometer metric: Derived metric | Display level: Summary values only | Comparison: Groups (Independent) | Temporal series intended for one panel: 7,3,24,RS006: Observation-by-time heatmap ; RS017: Summary time profile ; RS018: Summary time profile with interval ribbon,show_variability | many_observations | target_audience | temporal_context
Primary task: Temporal pattern | Form of accelerometer metric: Derived metric | Display level: Summary values only | Comparison: Groups (Paired or repeated) | Temporal series intended for one panel: 1 | Linked comparison levels: 2,3,24,RS001: Observation-by-time heatmap | Small-multiple time-series plots ; RS017: Summary time profile ; RS018: Summary time profile with interval ribbon,show_variability | many_observations | target_audience | temporal_context
Primary task: Temporal pattern | Form of accelerometer metric: Derived metric | Display level: Summary values only | Comparison: Groups (Paired or repeated) | Temporal series intended for one panel: 1 | Linked comparison levels: 3,3,24,RS001: Observation-by-time heatmap | Small-multiple time-series plots ; RS017: Summary time profile ; RS018: Summary time profile with interval ribbon,show_variability | many_observations | target_audience | temporal_context
Primary task: Temporal pattern | Form of accelerometer metric: Derived metric | Display level: Summary values only | Comparison: Groups (Paired or repeated) | Temporal series intended for one panel: 4 | Linked comparison levels: 2,3,24,RS001: Observation-by-time heatmap | Small-multiple time-series plots ; RS017: Summary time profile ; RS018: Summary time profile with interval ribbon,show_variability | many_observations | target_audience | temporal_context
Primary task: Temporal pattern | Form of accelerometer metric: Derived metric | Display level: Summary values only | Comparison: Groups (Paired or repeated) | Temporal series intended for one panel: 4 | Linked comparison levels: 3,3,24,RS001: Observation-by-time heatmap | Small-multiple time-series plots ; RS017: Summary time profile ; RS018: Summary time profile with interval ribbon,show_variability | many_observations | target_audience | temporal_context
Primary task: Temporal pattern | Form of accelerometer metric: Derived metric | Display level: Summary values only | Comparison: Groups (Paired or repeated) | Temporal series intended for one panel: 7 | Linked comparison levels: 2,3,24,RS006: Observation-by-time heatmap ; RS017: Summary time profile ; RS018: Summary time profile with interval ribbon,show_variability | many_observations | target_audience | temporal_context
Primary task: Temporal pattern | Form of accelerometer metric: Derived metric | Display level: Summary values only | Comparison: Groups (Paired or repeated) | Temporal series intended for one panel: 7 | Linked comparison levels: 3,3,24,RS006: Observation-by-time heatmap ; RS017: Summary time profile ; RS018: Summary time profile with interval ribbon,show_variability | many_observations | target_audience | temporal_context
Primary task: Temporal pattern | Form of accelerometer metric: Derived metric | Display level: Summary values only | Comparison: No explicit comparison | Temporal series intended for one panel: 1,3,24,RS001: Observation-by-time heatmap | Small-multiple time-series plots ; RS017: Summary time profile ; RS018: Summary time profile with interval ribbon,show_variability | many_observations | target_audience | temporal_context
Primary task: Temporal pattern | Form of accelerometer metric: Derived metric | Display level: Summary values only | Comparison: No explicit comparison | Temporal series intended for one panel: 4,3,24,RS001: Observation-by-time heatmap | Small-multiple time-series plots ; RS017: Summary time profile ; RS018: Summary time profile with interval ribbon,show_variability | many_observations | target_audience | temporal_context
Primary task: Temporal pattern | Form of accelerometer metric: Derived metric | Display level: Summary values only | Comparison: No explicit comparison | Temporal series intended for one panel: 7,3,24,RS006: Observation-by-time heatmap ; RS017: Summary time profile ; RS018: Summary time profile with interval ribbon,show_variability | many_observations | target_audience | temporal_context
"Primary task: Relationship | Form of accelerometer metric: Continuous signal | Display level: Multiple participants, days, or bouts | Comparison: Conditions (Independent)",2,24,RS013: Hexbin or two-dimensional density plot ; RS014: Scatter plot,show_variability | many_observations | target_audience | temporal_context
"Primary task: Relationship | Form of accelerometer metric: Continuous signal | Display level: Multiple participants, days, or bouts | Comparison: Conditions (Paired or repeated) | Linked comparison levels: 2",2,24,RS013: Hexbin or two-dimensional density plot ; RS014: Scatter plot,show_variability | many_observations | target_audience | temporal_context
"Primary task: Relationship | Form of accelerometer metric: Continuous signal | Display level: Multiple participants, days, or bouts | Comparison: Conditions (Paired or repeated) | Linked comparison levels: 3",2,24,RS013: Hexbin or two-dimensional density plot ; RS014: Scatter plot,show_variability | many_observations | target_audience | temporal_context
"Primary task: Relationship | Form of accelerometer metric: Continuous signal | Display level: Multiple participants, days, or bouts | Comparison: Discrete time periods (Independent)",2,24,RS013: Hexbin or two-dimensional density plot ; RS014: Scatter plot,show_variability | many_observations | target_audience | temporal_context
"Primary task: Relationship | Form of accelerometer metric: Continuous signal | Display level: Multiple participants, days, or bouts | Comparison: Discrete time periods (Paired or repeated) | Linked comparison levels: 2",2,24,RS013: Hexbin or two-dimensional density plot ; RS014: Scatter plot,show_variability | many_observations | target_audience | temporal_context
"Primary task: Relationship | Form of accelerometer metric: Continuous signal | Display level: Multiple participants, days, or bouts | Comparison: Discrete time periods (Paired or repeated) | Linked comparison levels: 3",2,24,RS013: Hexbin or two-dimensional density plot ; RS014: Scatter plot,show_variability | many_observations | target_audience | temporal_context
"Primary task: Relationship | Form of accelerometer metric: Continuous signal | Display level: Multiple participants, days, or bouts | Comparison: Groups (Independent)",2,24,RS013: Hexbin or two-dimensional density plot ; RS014: Scatter plot,show_variability | many_observations | target_audience | temporal_context
"Primary task: Relationship | Form of accelerometer metric: Continuous signal | Display level: Multiple participants, days, or bouts | Comparison: Groups (Paired or repeated) | Linked comparison levels: 2",2,24,RS013: Hexbin or two-dimensional density plot ; RS014: Scatter plot,show_variability | many_observations | target_audience | temporal_context
"Primary task: Relationship | Form of accelerometer metric: Continuous signal | Display level: Multiple participants, days, or bouts | Comparison: Groups (Paired or repeated) | Linked comparison levels: 3",2,24,RS013: Hexbin or two-dimensional density plot ; RS014: Scatter plot,show_variability | many_observations | target_audience | temporal_context
"Primary task: Relationship | Form of accelerometer metric: Continuous signal | Display level: Multiple participants, days, or bouts | Comparison: No explicit comparison",2,24,RS013: Hexbin or two-dimensional density plot ; RS014: Scatter plot,show_variability | many_observations | target_audience | temporal_context
Primary task: Relationship | Form of accelerometer metric: Continuous signal | Display level: One selected unit | Comparison: Conditions (Independent),2,24,RS013: Hexbin or two-dimensional density plot ; RS014: Scatter plot,show_variability | many_observations | target_audience | temporal_context
Primary task: Relationship | Form of accelerometer metric: Continuous signal | Display level: One selected unit | Comparison: Conditions (Paired or repeated) | Linked comparison levels: 2,2,24,RS013: Hexbin or two-dimensional density plot ; RS014: Scatter plot,show_variability | many_observations | target_audience | temporal_context
Primary task: Relationship | Form of accelerometer metric: Continuous signal | Display level: One selected unit | Comparison: Conditions (Paired or repeated) | Linked comparison levels: 3,2,24,RS013: Hexbin or two-dimensional density plot ; RS014: Scatter plot,show_variability | many_observations | target_audience | temporal_context
Primary task: Relationship | Form of accelerometer metric: Continuous signal | Display level: One selected unit | Comparison: Discrete time periods (Independent),2,24,RS013: Hexbin or two-dimensional density plot ; RS014: Scatter plot,show_variability | many_observations | target_audience | temporal_context
Primary task: Relationship | Form of accelerometer metric: Continuous signal | Display level: One selected unit | Comparison: Discrete time periods (Paired or repeated) | Linked comparison levels: 2,2,24,RS013: Hexbin or two-dimensional density plot ; RS014: Scatter plot,show_variability | many_observations | target_audience | temporal_context
Primary task: Relationship | Form of accelerometer metric: Continuous signal | Display level: One selected unit | Comparison: Discrete time periods (Paired or repeated) | Linked comparison levels: 3,2,24,RS013: Hexbin or two-dimensional density plot ; RS014: Scatter plot,show_variability | many_observations | target_audience | temporal_context
Primary task: Relationship | Form of accelerometer metric: Continuous signal | Display level: One selected unit | Comparison: Groups (Independent),2,24,RS013: Hexbin or two-dimensional density plot ; RS014: Scatter plot,show_variability | many_observations | target_audience | temporal_context
Primary task: Relationship | Form of accelerometer metric: Continuous signal | Display level: One selected unit | Comparison: Groups (Paired or repeated) | Linked comparison levels: 2,2,24,RS013: Hexbin or two-dimensional density plot ; RS014: Scatter plot,show_variability | many_observations | target_audience | temporal_context
Primary task: Relationship | Form of accelerometer metric: Continuous signal | Display level: One selected unit | Comparison: Groups (Paired or repeated) | Linked comparison levels: 3,2,24,RS013: Hexbin or two-dimensional density plot ; RS014: Scatter plot,show_variability | many_observations | target_audience | temporal_context
Primary task: Relationship | Form of accelerometer metric: Continuous signal | Display level: One selected unit | Comparison: No explicit comparison,2,24,RS013: Hexbin or two-dimensional density plot ; RS014: Scatter plot,show_variability | many_observations | target_audience | temporal_context
"Primary task: Relationship | Form of accelerometer metric: Derived metric | Display level: Multiple participants, days, or bouts | Comparison: Conditions (Independent)",2,24,RS013: Hexbin or two-dimensional density plot ; RS014: Scatter plot,show_variability | many_observations | target_audience | temporal_context
"Primary task: Relationship | Form of accelerometer metric: Derived metric | Display level: Multiple participants, days, or bouts | Comparison: Conditions (Paired or repeated) | Linked comparison levels: 2",2,24,RS013: Hexbin or two-dimensional density plot ; RS014: Scatter plot,show_variability | many_observations | target_audience | temporal_context
"Primary task: Relationship | Form of accelerometer metric: Derived metric | Display level: Multiple participants, days, or bouts | Comparison: Conditions (Paired or repeated) | Linked comparison levels: 3",2,24,RS013: Hexbin or two-dimensional density plot ; RS014: Scatter plot,show_variability | many_observations | target_audience | temporal_context
"Primary task: Relationship | Form of accelerometer metric: Derived metric | Display level: Multiple participants, days, or bouts | Comparison: Discrete time periods (Independent)",2,24,RS013: Hexbin or two-dimensional density plot ; RS014: Scatter plot,show_variability | many_observations | target_audience | temporal_context
"Primary task: Relationship | Form of accelerometer metric: Derived metric | Display level: Multiple participants, days, or bouts | Comparison: Discrete time periods (Paired or repeated) | Linked comparison levels: 2",2,24,RS013: Hexbin or two-dimensional density plot ; RS014: Scatter plot,show_variability | many_observations | target_audience | temporal_context
"Primary task: Relationship | Form of accelerometer metric: Derived metric | Display level: Multiple participants, days, or bouts | Comparison: Discrete time periods (Paired or repeated) | Linked comparison levels: 3",2,24,RS013: Hexbin or two-dimensional density plot ; RS014: Scatter plot,show_variability | many_observations | target_audience | temporal_context
"Primary task: Relationship | Form of accelerometer metric: Derived metric | Display level: Multiple participants, days, or bouts | Comparison: Groups (Independent)",2,24,RS013: Hexbin or two-dimensional density plot ; RS014: Scatter plot,show_variability | many_observations | target_audience | temporal_context
"Primary task: Relationship | Form of accelerometer metric: Derived metric | Display level: Multiple participants, days, or bouts | Comparison: Groups (Paired or repeated) | Linked comparison levels: 2",2,24,RS013: Hexbin or two-dimensional density plot ; RS014: Scatter plot,show_variability | many_observations | target_audience | temporal_context
"Primary task: Relationship | Form of accelerometer metric: Derived metric | Display level: Multiple participants, days, or bouts | Comparison: Groups (Paired or repeated) | Linked comparison levels: 3",2,24,RS013: Hexbin or two-dimensional density plot ; RS014: Scatter plot,show_variability | many_observations | target_audience | temporal_context
"Primary task: Relationship | Form of accelerometer metric: Derived metric | Display level: Multiple participants, days, or bouts | Comparison: No explicit comparison",2,24,RS013: Hexbin or two-dimensional density plot ; RS014: Scatter plot,show_variability | many_observations | target_audience | temporal_context
Primary task: Relationship | Form of accelerometer metric: Derived metric | Display level: One selected unit | Comparison: Conditions (Independent),2,24,RS013: Hexbin or two-dimensional density plot ; RS014: Scatter plot,show_variability | many_observations | target_audience | temporal_context
Primary task: Relationship | Form of accelerometer metric: Derived metric | Display level: One selected unit | Comparison: Conditions (Paired or repeated) | Linked comparison levels: 2,2,24,RS013: Hexbin or two-dimensional density plot ; RS014: Scatter plot,show_variability | many_observations | target_audience | temporal_context
Primary task: Relationship | Form of accelerometer metric: Derived metric | Display level: One selected unit | Comparison: Conditions (Paired or repeated) | Linked comparison levels: 3,2,24,RS013: Hexbin or two-dimensional density plot ; RS014: Scatter plot,show_variability | many_observations | target_audience | temporal_context
Primary task: Relationship | Form of accelerometer metric: Derived metric | Display level: One selected unit | Comparison: Discrete time periods (Independent),2,24,RS013: Hexbin or two-dimensional density plot ; RS014: Scatter plot,show_variability | many_observations | target_audience | temporal_context
Primary task: Relationship | Form of accelerometer metric: Derived metric | Display level: One selected unit | Comparison: Discrete time periods (Paired or repeated) | Linked comparison levels: 2,2,24,RS013: Hexbin or two-dimensional density plot ; RS014: Scatter plot,show_variability | many_observations | target_audience | temporal_context
Primary task: Relationship | Form of accelerometer metric: Derived metric | Display level: One selected unit | Comparison: Discrete time periods (Paired or repeated) | Linked comparison levels: 3,2,24,RS013: Hexbin or two-dimensional density plot ; RS014: Scatter plot,show_variability | many_observations | target_audience | temporal_context
Primary task: Relationship | Form of accelerometer metric: Derived metric | Display level: One selected unit | Comparison: Groups (Independent),2,24,RS013: Hexbin or two-dimensional density plot ; RS014: Scatter plot,show_variability | many_observations | target_audience | temporal_context
Primary task: Relationship | Form of accelerometer metric: Derived metric | Display level: One selected unit | Comparison: Groups (Paired or repeated) | Linked comparison levels: 2,2,24,RS013: Hexbin or two-dimensional density plot ; RS014: Scatter plot,show_variability | many_observations | target_audience | temporal_context
Primary task: Relationship | Form of accelerometer metric: Derived metric | Display level: One selected unit | Comparison: Groups (Paired or repeated) | Linked comparison levels: 3,2,24,RS013: Hexbin or two-dimensional density plot ; RS014: Scatter plot,show_variability | many_observations | target_audience | temporal_context
Primary task: Relationship | Form of accelerometer metric: Derived metric | Display level: One selected unit | Comparison: No explicit comparison,2,24,RS013: Hexbin or two-dimensional density plot ; RS014: Scatter plot,show_variability | many_observations | target_audience | temporal_context
Primary task: Temporal pattern | Form of accelerometer metric: Continuous signal | Display level: One selected unit | Comparison: Conditions (Independent) | Temporal series intended for one panel: 1,2,24,RS001: Observation-by-time heatmap | Small-multiple time-series plots ; RS007: Time-series line plot,show_variability | many_observations | target_audience | temporal_context
Primary task: Temporal pattern | Form of accelerometer metric: Continuous signal | Display level: One selected unit | Comparison: Conditions (Independent) | Temporal series intended for one panel: 4,2,24,RS001: Observation-by-time heatmap | Small-multiple time-series plots ; RS007: Time-series line plot,show_variability | many_observations | target_audience | temporal_context
Primary task: Temporal pattern | Form of accelerometer metric: Continuous signal | Display level: One selected unit | Comparison: Conditions (Independent) | Temporal series intended for one panel: 7,2,24,RS006: Observation-by-time heatmap ; RS007: Time-series line plot,show_variability | many_observations | target_audience | temporal_context
Primary task: Temporal pattern | Form of accelerometer metric: Continuous signal | Display level: One selected unit | Comparison: Conditions (Paired or repeated) | Temporal series intended for one panel: 1 | Linked comparison levels: 2,2,24,RS001: Observation-by-time heatmap | Small-multiple time-series plots ; RS007: Time-series line plot,show_variability | many_observations | target_audience | temporal_context
Primary task: Temporal pattern | Form of accelerometer metric: Continuous signal | Display level: One selected unit | Comparison: Conditions (Paired or repeated) | Temporal series intended for one panel: 1 | Linked comparison levels: 3,2,24,RS001: Observation-by-time heatmap | Small-multiple time-series plots ; RS007: Time-series line plot,show_variability | many_observations | target_audience | temporal_context
Primary task: Temporal pattern | Form of accelerometer metric: Continuous signal | Display level: One selected unit | Comparison: Conditions (Paired or repeated) | Temporal series intended for one panel: 4 | Linked comparison levels: 2,2,24,RS001: Observation-by-time heatmap | Small-multiple time-series plots ; RS007: Time-series line plot,show_variability | many_observations | target_audience | temporal_context
Primary task: Temporal pattern | Form of accelerometer metric: Continuous signal | Display level: One selected unit | Comparison: Conditions (Paired or repeated) | Temporal series intended for one panel: 4 | Linked comparison levels: 3,2,24,RS001: Observation-by-time heatmap | Small-multiple time-series plots ; RS007: Time-series line plot,show_variability | many_observations | target_audience | temporal_context
Primary task: Temporal pattern | Form of accelerometer metric: Continuous signal | Display level: One selected unit | Comparison: Conditions (Paired or repeated) | Temporal series intended for one panel: 7 | Linked comparison levels: 2,2,24,RS006: Observation-by-time heatmap ; RS007: Time-series line plot,show_variability | many_observations | target_audience | temporal_context
Primary task: Temporal pattern | Form of accelerometer metric: Continuous signal | Display level: One selected unit | Comparison: Conditions (Paired or repeated) | Temporal series intended for one panel: 7 | Linked comparison levels: 3,2,24,RS006: Observation-by-time heatmap ; RS007: Time-series line plot,show_variability | many_observations | target_audience | temporal_context
Primary task: Temporal pattern | Form of accelerometer metric: Continuous signal | Display level: One selected unit | Comparison: Discrete time periods (Independent) | Temporal series intended for one panel: 1,2,24,RS001: Observation-by-time heatmap | Small-multiple time-series plots ; RS007: Time-series line plot,show_variability | many_observations | target_audience | temporal_context
Primary task: Temporal pattern | Form of accelerometer metric: Continuous signal | Display level: One selected unit | Comparison: Discrete time periods (Independent) | Temporal series intended for one panel: 4,2,24,RS001: Observation-by-time heatmap | Small-multiple time-series plots ; RS007: Time-series line plot,show_variability | many_observations | target_audience | temporal_context
Primary task: Temporal pattern | Form of accelerometer metric: Continuous signal | Display level: One selected unit | Comparison: Discrete time periods (Independent) | Temporal series intended for one panel: 7,2,24,RS006: Observation-by-time heatmap ; RS007: Time-series line plot,show_variability | many_observations | target_audience | temporal_context
Primary task: Temporal pattern | Form of accelerometer metric: Continuous signal | Display level: One selected unit | Comparison: Discrete time periods (Paired or repeated) | Temporal series intended for one panel: 1 | Linked comparison levels: 2,2,24,RS001: Observation-by-time heatmap | Small-multiple time-series plots ; RS007: Time-series line plot,show_variability | many_observations | target_audience | temporal_context
Primary task: Temporal pattern | Form of accelerometer metric: Continuous signal | Display level: One selected unit | Comparison: Discrete time periods (Paired or repeated) | Temporal series intended for one panel: 1 | Linked comparison levels: 3,2,24,RS001: Observation-by-time heatmap | Small-multiple time-series plots ; RS007: Time-series line plot,show_variability | many_observations | target_audience | temporal_context
Primary task: Temporal pattern | Form of accelerometer metric: Continuous signal | Display level: One selected unit | Comparison: Discrete time periods (Paired or repeated) | Temporal series intended for one panel: 4 | Linked comparison levels: 2,2,24,RS001: Observation-by-time heatmap | Small-multiple time-series plots ; RS007: Time-series line plot,show_variability | many_observations | target_audience | temporal_context
Primary task: Temporal pattern | Form of accelerometer metric: Continuous signal | Display level: One selected unit | Comparison: Discrete time periods (Paired or repeated) | Temporal series intended for one panel: 4 | Linked comparison levels: 3,2,24,RS001: Observation-by-time heatmap | Small-multiple time-series plots ; RS007: Time-series line plot,show_variability | many_observations | target_audience | temporal_context
Primary task: Temporal pattern | Form of accelerometer metric: Continuous signal | Display level: One selected unit | Comparison: Discrete time periods (Paired or repeated) | Temporal series intended for one panel: 7 | Linked comparison levels: 2,2,24,RS006: Observation-by-time heatmap ; RS007: Time-series line plot,show_variability | many_observations | target_audience | temporal_context
Primary task: Temporal pattern | Form of accelerometer metric: Continuous signal | Display level: One selected unit | Comparison: Discrete time periods (Paired or repeated) | Temporal series intended for one panel: 7 | Linked comparison levels: 3,2,24,RS006: Observation-by-time heatmap ; RS007: Time-series line plot,show_variability | many_observations | target_audience | temporal_context
Primary task: Temporal pattern | Form of accelerometer metric: Continuous signal | Display level: One selected unit | Comparison: Groups (Independent) | Temporal series intended for one panel: 1,2,24,RS001: Observation-by-time heatmap | Small-multiple time-series plots ; RS007: Time-series line plot,show_variability | many_observations | target_audience | temporal_context
Primary task: Temporal pattern | Form of accelerometer metric: Continuous signal | Display level: One selected unit | Comparison: Groups (Independent) | Temporal series intended for one panel: 4,2,24,RS001: Observation-by-time heatmap | Small-multiple time-series plots ; RS007: Time-series line plot,show_variability | many_observations | target_audience | temporal_context
Primary task: Temporal pattern | Form of accelerometer metric: Continuous signal | Display level: One selected unit | Comparison: Groups (Independent) | Temporal series intended for one panel: 7,2,24,RS006: Observation-by-time heatmap ; RS007: Time-series line plot,show_variability | many_observations | target_audience | temporal_context
Primary task: Temporal pattern | Form of accelerometer metric: Continuous signal | Display level: One selected unit | Comparison: Groups (Paired or repeated) | Temporal series intended for one panel: 1 | Linked comparison levels: 2,2,24,RS001: Observation-by-time heatmap | Small-multiple time-series plots ; RS007: Time-series line plot,show_variability | many_observations | target_audience | temporal_context
Primary task: Temporal pattern | Form of accelerometer metric: Continuous signal | Display level: One selected unit | Comparison: Groups (Paired or repeated) | Temporal series intended for one panel: 1 | Linked comparison levels: 3,2,24,RS001: Observation-by-time heatmap | Small-multiple time-series plots ; RS007: Time-series line plot,show_variability | many_observations | target_audience | temporal_context
Primary task: Temporal pattern | Form of accelerometer metric: Continuous signal | Display level: One selected unit | Comparison: Groups (Paired or repeated) | Temporal series intended for one panel: 4 | Linked comparison levels: 2,2,24,RS001: Observation-by-time heatmap | Small-multiple time-series plots ; RS007: Time-series line plot,show_variability | many_observations | target_audience | temporal_context
Primary task: Temporal pattern | Form of accelerometer metric: Continuous signal | Display level: One selected unit | Comparison: Groups (Paired or repeated) | Temporal series intended for one panel: 4 | Linked comparison levels: 3,2,24,RS001: Observation-by-time heatmap | Small-multiple time-series plots ; RS007: Time-series line plot,show_variability | many_observations | target_audience | temporal_context
Primary task: Temporal pattern | Form of accelerometer metric: Continuous signal | Display level: One selected unit | Comparison: Groups (Paired or repeated) | Temporal series intended for one panel: 7 | Linked comparison levels: 2,2,24,RS006: Observation-by-time heatmap ; RS007: Time-series line plot,show_variability | many_observations | target_audience | temporal_context
Primary task: Temporal pattern | Form of accelerometer metric: Continuous signal | Display level: One selected unit | Comparison: Groups (Paired or repeated) | Temporal series intended for one panel: 7 | Linked comparison levels: 3,2,24,RS006: Observation-by-time heatmap ; RS007: Time-series line plot,show_variability | many_observations | target_audience | temporal_context
Primary task: Temporal pattern | Form of accelerometer metric: Continuous signal | Display level: One selected unit | Comparison: No explicit comparison | Temporal series intended for one panel: 1,2,24,RS001: Observation-by-time heatmap | Small-multiple time-series plots ; RS007: Time-series line plot,show_variability | many_observations | target_audience | temporal_context
Primary task: Temporal pattern | Form of accelerometer metric: Continuous signal | Display level: One selected unit | Comparison: No explicit comparison | Temporal series intended for one panel: 4,2,24,RS001: Observation-by-time heatmap | Small-multiple time-series plots ; RS007: Time-series line plot,show_variability | many_observations | target_audience | temporal_context
Primary task: Temporal pattern | Form of accelerometer metric: Continuous signal | Display level: One selected unit | Comparison: No explicit comparison | Temporal series intended for one panel: 7,2,24,RS006: Observation-by-time heatmap ; RS007: Time-series line plot,show_variability | many_observations | target_audience | temporal_context
Primary task: Temporal pattern | Form of accelerometer metric: Derived metric | Display level: One selected unit | Comparison: Conditions (Independent) | Temporal series intended for one panel: 1,2,24,RS001: Observation-by-time heatmap | Small-multiple time-series plots ; RS007: Time-series line plot,show_variability | many_observations | target_audience | temporal_context
Primary task: Temporal pattern | Form of accelerometer metric: Derived metric | Display level: One selected unit | Comparison: Conditions (Independent) | Temporal series intended for one panel: 4,2,24,RS001: Observation-by-time heatmap | Small-multiple time-series plots ; RS007: Time-series line plot,show_variability | many_observations | target_audience | temporal_context
Primary task: Temporal pattern | Form of accelerometer metric: Derived metric | Display level: One selected unit | Comparison: Conditions (Independent) | Temporal series intended for one panel: 7,2,24,RS006: Observation-by-time heatmap ; RS007: Time-series line plot,show_variability | many_observations | target_audience | temporal_context
Primary task: Temporal pattern | Form of accelerometer metric: Derived metric | Display level: One selected unit | Comparison: Conditions (Paired or repeated) | Temporal series intended for one panel: 1 | Linked comparison levels: 2,2,24,RS001: Observation-by-time heatmap | Small-multiple time-series plots ; RS007: Time-series line plot,show_variability | many_observations | target_audience | temporal_context
Primary task: Temporal pattern | Form of accelerometer metric: Derived metric | Display level: One selected unit | Comparison: Conditions (Paired or repeated) | Temporal series intended for one panel: 1 | Linked comparison levels: 3,2,24,RS001: Observation-by-time heatmap | Small-multiple time-series plots ; RS007: Time-series line plot,show_variability | many_observations | target_audience | temporal_context
Primary task: Temporal pattern | Form of accelerometer metric: Derived metric | Display level: One selected unit | Comparison: Conditions (Paired or repeated) | Temporal series intended for one panel: 4 | Linked comparison levels: 2,2,24,RS001: Observation-by-time heatmap | Small-multiple time-series plots ; RS007: Time-series line plot,show_variability | many_observations | target_audience | temporal_context
Primary task: Temporal pattern | Form of accelerometer metric: Derived metric | Display level: One selected unit | Comparison: Conditions (Paired or repeated) | Temporal series intended for one panel: 4 | Linked comparison levels: 3,2,24,RS001: Observation-by-time heatmap | Small-multiple time-series plots ; RS007: Time-series line plot,show_variability | many_observations | target_audience | temporal_context
Primary task: Temporal pattern | Form of accelerometer metric: Derived metric | Display level: One selected unit | Comparison: Conditions (Paired or repeated) | Temporal series intended for one panel: 7 | Linked comparison levels: 2,2,24,RS006: Observation-by-time heatmap ; RS007: Time-series line plot,show_variability | many_observations | target_audience | temporal_context
Primary task: Temporal pattern | Form of accelerometer metric: Derived metric | Display level: One selected unit | Comparison: Conditions (Paired or repeated) | Temporal series intended for one panel: 7 | Linked comparison levels: 3,2,24,RS006: Observation-by-time heatmap ; RS007: Time-series line plot,show_variability | many_observations | target_audience | temporal_context
Primary task: Temporal pattern | Form of accelerometer metric: Derived metric | Display level: One selected unit | Comparison: Discrete time periods (Independent) | Temporal series intended for one panel: 1,2,24,RS001: Observation-by-time heatmap | Small-multiple time-series plots ; RS007: Time-series line plot,show_variability | many_observations | target_audience | temporal_context
Primary task: Temporal pattern | Form of accelerometer metric: Derived metric | Display level: One selected unit | Comparison: Discrete time periods (Independent) | Temporal series intended for one panel: 4,2,24,RS001: Observation-by-time heatmap | Small-multiple time-series plots ; RS007: Time-series line plot,show_variability | many_observations | target_audience | temporal_context
Primary task: Temporal pattern | Form of accelerometer metric: Derived metric | Display level: One selected unit | Comparison: Discrete time periods (Independent) | Temporal series intended for one panel: 7,2,24,RS006: Observation-by-time heatmap ; RS007: Time-series line plot,show_variability | many_observations | target_audience | temporal_context
Primary task: Temporal pattern | Form of accelerometer metric: Derived metric | Display level: One selected unit | Comparison: Discrete time periods (Paired or repeated) | Temporal series intended for one panel: 1 | Linked comparison levels: 2,2,24,RS001: Observation-by-time heatmap | Small-multiple time-series plots ; RS007: Time-series line plot,show_variability | many_observations | target_audience | temporal_context
Primary task: Temporal pattern | Form of accelerometer metric: Derived metric | Display level: One selected unit | Comparison: Discrete time periods (Paired or repeated) | Temporal series intended for one panel: 1 | Linked comparison levels: 3,2,24,RS001: Observation-by-time heatmap | Small-multiple time-series plots ; RS007: Time-series line plot,show_variability | many_observations | target_audience | temporal_context
Primary task: Temporal pattern | Form of accelerometer metric: Derived metric | Display level: One selected unit | Comparison: Discrete time periods (Paired or repeated) | Temporal series intended for one panel: 4 | Linked comparison levels: 2,2,24,RS001: Observation-by-time heatmap | Small-multiple time-series plots ; RS007: Time-series line plot,show_variability | many_observations | target_audience | temporal_context
Primary task: Temporal pattern | Form of accelerometer metric: Derived metric | Display level: One selected unit | Comparison: Discrete time periods (Paired or repeated) | Temporal series intended for one panel: 4 | Linked comparison levels: 3,2,24,RS001: Observation-by-time heatmap | Small-multiple time-series plots ; RS007: Time-series line plot,show_variability | many_observations | target_audience | temporal_context
Primary task: Temporal pattern | Form of accelerometer metric: Derived metric | Display level: One selected unit | Comparison: Discrete time periods (Paired or repeated) | Temporal series intended for one panel: 7 | Linked comparison levels: 2,2,24,RS006: Observation-by-time heatmap ; RS007: Time-series line plot,show_variability | many_observations | target_audience | temporal_context
Primary task: Temporal pattern | Form of accelerometer metric: Derived metric | Display level: One selected unit | Comparison: Discrete time periods (Paired or repeated) | Temporal series intended for one panel: 7 | Linked comparison levels: 3,2,24,RS006: Observation-by-time heatmap ; RS007: Time-series line plot,show_variability | many_observations | target_audience | temporal_context
Primary task: Temporal pattern | Form of accelerometer metric: Derived metric | Display level: One selected unit | Comparison: Groups (Independent) | Temporal series intended for one panel: 1,2,24,RS001: Observation-by-time heatmap | Small-multiple time-series plots ; RS007: Time-series line plot,show_variability | many_observations | target_audience | temporal_context
Primary task: Temporal pattern | Form of accelerometer metric: Derived metric | Display level: One selected unit | Comparison: Groups (Independent) | Temporal series intended for one panel: 4,2,24,RS001: Observation-by-time heatmap | Small-multiple time-series plots ; RS007: Time-series line plot,show_variability | many_observations | target_audience | temporal_context
Primary task: Temporal pattern | Form of accelerometer metric: Derived metric | Display level: One selected unit | Comparison: Groups (Independent) | Temporal series intended for one panel: 7,2,24,RS006: Observation-by-time heatmap ; RS007: Time-series line plot,show_variability | many_observations | target_audience | temporal_context
Primary task: Temporal pattern | Form of accelerometer metric: Derived metric | Display level: One selected unit | Comparison: Groups (Paired or repeated) | Temporal series intended for one panel: 1 | Linked comparison levels: 2,2,24,RS001: Observation-by-time heatmap | Small-multiple time-series plots ; RS007: Time-series line plot,show_variability | many_observations | target_audience | temporal_context
Primary task: Temporal pattern | Form of accelerometer metric: Derived metric | Display level: One selected unit | Comparison: Groups (Paired or repeated) | Temporal series intended for one panel: 1 | Linked comparison levels: 3,2,24,RS001: Observation-by-time heatmap | Small-multiple time-series plots ; RS007: Time-series line plot,show_variability | many_observations | target_audience | temporal_context
Primary task: Temporal pattern | Form of accelerometer metric: Derived metric | Display level: One selected unit | Comparison: Groups (Paired or repeated) | Temporal series intended for one panel: 4 | Linked comparison levels: 2,2,24,RS001: Observation-by-time heatmap | Small-multiple time-series plots ; RS007: Time-series line plot,show_variability | many_observations | target_audience | temporal_context
Primary task: Temporal pattern | Form of accelerometer metric: Derived metric | Display level: One selected unit | Comparison: Groups (Paired or repeated) | Temporal series intended for one panel: 4 | Linked comparison levels: 3,2,24,RS001: Observation-by-time heatmap | Small-multiple time-series plots ; RS007: Time-series line plot,show_variability | many_observations | target_audience | temporal_context
Primary task: Temporal pattern | Form of accelerometer metric: Derived metric | Display level: One selected unit | Comparison: Groups (Paired or repeated) | Temporal series intended for one panel: 7 | Linked comparison levels: 2,2,24,RS006: Observation-by-time heatmap ; RS007: Time-series line plot,show_variability | many_observations | target_audience | temporal_context
Primary task: Temporal pattern | Form of accelerometer metric: Derived metric | Display level: One selected unit | Comparison: Groups (Paired or repeated) | Temporal series intended for one panel: 7 | Linked comparison levels: 3,2,24,RS006: Observation-by-time heatmap ; RS007: Time-series line plot,show_variability | many_observations | target_audience | temporal_context
Primary task: Temporal pattern | Form of accelerometer metric: Derived metric | Display level: One selected unit | Comparison: No explicit comparison | Temporal series intended for one panel: 1,2,24,RS001: Observation-by-time heatmap | Small-multiple time-series plots ; RS007: Time-series line plot,show_variability | many_observations | target_audience | temporal_context
Primary task: Temporal pattern | Form of accelerometer metric: Derived metric | Display level: One selected unit | Comparison: No explicit comparison | Temporal series intended for one panel: 4,2,24,RS001: Observation-by-time heatmap | Small-multiple time-series plots ; RS007: Time-series line plot,show_variability | many_observations | target_audience | temporal_context
Primary task: Temporal pattern | Form of accelerometer metric: Derived metric | Display level: One selected unit | Comparison: No explicit comparison | Temporal series intended for one panel: 7,2,24,RS006: Observation-by-time heatmap ; RS007: Time-series line plot,show_variability | many_observations | target_audience | temporal_context
"Primary task: Composition | Form of accelerometer metric: Classified behaviour | Display level: Multiple participants, days, or bouts | Comparison: Conditions (Independent) | Compositional parts: 2",2,12,RS005: Pie or doughnut chart | 100% stacked bar chart | Small-multiple composition bars ; RS008: 100% stacked bar chart | Small-multiple composition bars,show_variability | target_audience | temporal_context
"Primary task: Composition | Form of accelerometer metric: Classified behaviour | Display level: Multiple participants, days, or bouts | Comparison: Conditions (Independent) | Compositional parts: 3",2,12,RS005: Pie or doughnut chart | 100% stacked bar chart | Small-multiple composition bars ; RS019: 100% stacked bar chart | Small-multiple composition bars | Ternary plot,show_variability | target_audience | temporal_context
"Primary task: Composition | Form of accelerometer metric: Classified behaviour | Display level: Multiple participants, days, or bouts | Comparison: Conditions (Independent) | Compositional parts: 4",2,12,RS005: Pie or doughnut chart | 100% stacked bar chart | Small-multiple composition bars ; RS008: 100% stacked bar chart | Small-multiple composition bars,show_variability | target_audience | temporal_context
"Primary task: Composition | Form of accelerometer metric: Classified behaviour | Display level: Multiple participants, days, or bouts | Comparison: Conditions (Paired or repeated) | Linked comparison levels: 2 | Compositional parts: 2",2,12,RS005: Pie or doughnut chart | 100% stacked bar chart | Small-multiple composition bars ; RS008: 100% stacked bar chart | Small-multiple composition bars,show_variability | target_audience | temporal_context
"Primary task: Composition | Form of accelerometer metric: Classified behaviour | Display level: Multiple participants, days, or bouts | Comparison: Conditions (Paired or repeated) | Linked comparison levels: 2 | Compositional parts: 3",2,12,RS005: Pie or doughnut chart | 100% stacked bar chart | Small-multiple composition bars ; RS019: 100% stacked bar chart | Small-multiple composition bars | Ternary plot,show_variability | target_audience | temporal_context
"Primary task: Composition | Form of accelerometer metric: Classified behaviour | Display level: Multiple participants, days, or bouts | Comparison: Conditions (Paired or repeated) | Linked comparison levels: 2 | Compositional parts: 4",2,12,RS005: Pie or doughnut chart | 100% stacked bar chart | Small-multiple composition bars ; RS008: 100% stacked bar chart | Small-multiple composition bars,show_variability | target_audience | temporal_context
"Primary task: Composition | Form of accelerometer metric: Classified behaviour | Display level: Multiple participants, days, or bouts | Comparison: Conditions (Paired or repeated) | Linked comparison levels: 3 | Compositional parts: 2",2,12,RS005: Pie or doughnut chart | 100% stacked bar chart | Small-multiple composition bars ; RS008: 100% stacked bar chart | Small-multiple composition bars,show_variability | target_audience | temporal_context
"Primary task: Composition | Form of accelerometer metric: Classified behaviour | Display level: Multiple participants, days, or bouts | Comparison: Conditions (Paired or repeated) | Linked comparison levels: 3 | Compositional parts: 3",2,12,RS005: Pie or doughnut chart | 100% stacked bar chart | Small-multiple composition bars ; RS019: 100% stacked bar chart | Small-multiple composition bars | Ternary plot,show_variability | target_audience | temporal_context
"Primary task: Composition | Form of accelerometer metric: Classified behaviour | Display level: Multiple participants, days, or bouts | Comparison: Conditions (Paired or repeated) | Linked comparison levels: 3 | Compositional parts: 4",2,12,RS005: Pie or doughnut chart | 100% stacked bar chart | Small-multiple composition bars ; RS008: 100% stacked bar chart | Small-multiple composition bars,show_variability | target_audience | temporal_context
"Primary task: Composition | Form of accelerometer metric: Classified behaviour | Display level: Multiple participants, days, or bouts | Comparison: Discrete time periods (Independent) | Compositional parts: 2",2,12,RS005: Pie or doughnut chart | 100% stacked bar chart | Small-multiple composition bars ; RS008: 100% stacked bar chart | Small-multiple composition bars,show_variability | target_audience | temporal_context
"Primary task: Composition | Form of accelerometer metric: Classified behaviour | Display level: Multiple participants, days, or bouts | Comparison: Discrete time periods (Independent) | Compositional parts: 3",2,12,RS005: Pie or doughnut chart | 100% stacked bar chart | Small-multiple composition bars ; RS019: 100% stacked bar chart | Small-multiple composition bars | Ternary plot,show_variability | target_audience | temporal_context
"Primary task: Composition | Form of accelerometer metric: Classified behaviour | Display level: Multiple participants, days, or bouts | Comparison: Discrete time periods (Independent) | Compositional parts: 4",2,12,RS005: Pie or doughnut chart | 100% stacked bar chart | Small-multiple composition bars ; RS008: 100% stacked bar chart | Small-multiple composition bars,show_variability | target_audience | temporal_context
"Primary task: Composition | Form of accelerometer metric: Classified behaviour | Display level: Multiple participants, days, or bouts | Comparison: Discrete time periods (Paired or repeated) | Linked comparison levels: 2 | Compositional parts: 2",2,12,RS005: Pie or doughnut chart | 100% stacked bar chart | Small-multiple composition bars ; RS008: 100% stacked bar chart | Small-multiple composition bars,show_variability | target_audience | temporal_context
"Primary task: Composition | Form of accelerometer metric: Classified behaviour | Display level: Multiple participants, days, or bouts | Comparison: Discrete time periods (Paired or repeated) | Linked comparison levels: 2 | Compositional parts: 3",2,12,RS005: Pie or doughnut chart | 100% stacked bar chart | Small-multiple composition bars ; RS019: 100% stacked bar chart | Small-multiple composition bars | Ternary plot,show_variability | target_audience | temporal_context
"Primary task: Composition | Form of accelerometer metric: Classified behaviour | Display level: Multiple participants, days, or bouts | Comparison: Discrete time periods (Paired or repeated) | Linked comparison levels: 2 | Compositional parts: 4",2,12,RS005: Pie or doughnut chart | 100% stacked bar chart | Small-multiple composition bars ; RS008: 100% stacked bar chart | Small-multiple composition bars,show_variability | target_audience | temporal_context
"Primary task: Composition | Form of accelerometer metric: Classified behaviour | Display level: Multiple participants, days, or bouts | Comparison: Discrete time periods (Paired or repeated) | Linked comparison levels: 3 | Compositional parts: 2",2,12,RS005: Pie or doughnut chart | 100% stacked bar chart | Small-multiple composition bars ; RS008: 100% stacked bar chart | Small-multiple composition bars,show_variability | target_audience | temporal_context
"Primary task: Composition | Form of accelerometer metric: Classified behaviour | Display level: Multiple participants, days, or bouts | Comparison: Discrete time periods (Paired or repeated) | Linked comparison levels: 3 | Compositional parts: 3",2,12,RS005: Pie or doughnut chart | 100% stacked bar chart | Small-multiple composition bars ; RS019: 100% stacked bar chart | Small-multiple composition bars | Ternary plot,show_variability | target_audience | temporal_context
"Primary task: Composition | Form of accelerometer metric: Classified behaviour | Display level: Multiple participants, days, or bouts | Comparison: Discrete time periods (Paired or repeated) | Linked comparison levels: 3 | Compositional parts: 4",2,12,RS005: Pie or doughnut chart | 100% stacked bar chart | Small-multiple composition bars ; RS008: 100% stacked bar chart | Small-multiple composition bars,show_variability | target_audience | temporal_context
"Primary task: Composition | Form of accelerometer metric: Classified behaviour | Display level: Multiple participants, days, or bouts | Comparison: Groups (Independent) | Compositional parts: 2",2,12,RS005: Pie or doughnut chart | 100% stacked bar chart | Small-multiple composition bars ; RS008: 100% stacked bar chart | Small-multiple composition bars,show_variability | target_audience | temporal_context
"Primary task: Composition | Form of accelerometer metric: Classified behaviour | Display level: Multiple participants, days, or bouts | Comparison: Groups (Independent) | Compositional parts: 3",2,12,RS005: Pie or doughnut chart | 100% stacked bar chart | Small-multiple composition bars ; RS019: 100% stacked bar chart | Small-multiple composition bars | Ternary plot,show_variability | target_audience | temporal_context
"Primary task: Composition | Form of accelerometer metric: Classified behaviour | Display level: Multiple participants, days, or bouts | Comparison: Groups (Independent) | Compositional parts: 4",2,12,RS005: Pie or doughnut chart | 100% stacked bar chart | Small-multiple composition bars ; RS008: 100% stacked bar chart | Small-multiple composition bars,show_variability | target_audience | temporal_context
"Primary task: Composition | Form of accelerometer metric: Classified behaviour | Display level: Multiple participants, days, or bouts | Comparison: Groups (Paired or repeated) | Linked comparison levels: 2 | Compositional parts: 2",2,12,RS005: Pie or doughnut chart | 100% stacked bar chart | Small-multiple composition bars ; RS008: 100% stacked bar chart | Small-multiple composition bars,show_variability | target_audience | temporal_context
"Primary task: Composition | Form of accelerometer metric: Classified behaviour | Display level: Multiple participants, days, or bouts | Comparison: Groups (Paired or repeated) | Linked comparison levels: 2 | Compositional parts: 3",2,12,RS005: Pie or doughnut chart | 100% stacked bar chart | Small-multiple composition bars ; RS019: 100% stacked bar chart | Small-multiple composition bars | Ternary plot,show_variability | target_audience | temporal_context
"Primary task: Composition | Form of accelerometer metric: Classified behaviour | Display level: Multiple participants, days, or bouts | Comparison: Groups (Paired or repeated) | Linked comparison levels: 2 | Compositional parts: 4",2,12,RS005: Pie or doughnut chart | 100% stacked bar chart | Small-multiple composition bars ; RS008: 100% stacked bar chart | Small-multiple composition bars,show_variability | target_audience | temporal_context
"Primary task: Composition | Form of accelerometer metric: Classified behaviour | Display level: Multiple participants, days, or bouts | Comparison: Groups (Paired or repeated) | Linked comparison levels: 3 | Compositional parts: 2",2,12,RS005: Pie or doughnut chart | 100% stacked bar chart | Small-multiple composition bars ; RS008: 100% stacked bar chart | Small-multiple composition bars,show_variability | target_audience | temporal_context
"Primary task: Composition | Form of accelerometer metric: Classified behaviour | Display level: Multiple participants, days, or bouts | Comparison: Groups (Paired or repeated) | Linked comparison levels: 3 | Compositional parts: 3",2,12,RS005: Pie or doughnut chart | 100% stacked bar chart | Small-multiple composition bars ; RS019: 100% stacked bar chart | Small-multiple composition bars | Ternary plot,show_variability | target_audience | temporal_context
"Primary task: Composition | Form of accelerometer metric: Classified behaviour | Display level: Multiple participants, days, or bouts | Comparison: Groups (Paired or repeated) | Linked comparison levels: 3 | Compositional parts: 4",2,12,RS005: Pie or doughnut chart | 100% stacked bar chart | Small-multiple composition bars ; RS008: 100% stacked bar chart | Small-multiple composition bars,show_variability | target_audience | temporal_context
"Primary task: Composition | Form of accelerometer metric: Classified behaviour | Display level: Multiple participants, days, or bouts | Comparison: No explicit comparison | Compositional parts: 2",2,12,RS021: Pie or doughnut chart | 100% stacked bar chart ; RS022: 100% stacked bar chart,show_variability | target_audience | temporal_context
"Primary task: Composition | Form of accelerometer metric: Classified behaviour | Display level: Multiple participants, days, or bouts | Comparison: No explicit comparison | Compositional parts: 3",2,12,RS021: Pie or doughnut chart | 100% stacked bar chart ; RS028: 100% stacked bar chart | Ternary plot,show_variability | target_audience | temporal_context
"Primary task: Composition | Form of accelerometer metric: Classified behaviour | Display level: Multiple participants, days, or bouts | Comparison: No explicit comparison | Compositional parts: 4",2,12,RS021: Pie or doughnut chart | 100% stacked bar chart ; RS022: 100% stacked bar chart,show_variability | target_audience | temporal_context
Primary task: Composition | Form of accelerometer metric: Classified behaviour | Display level: One selected unit | Comparison: Conditions (Independent) | Compositional parts: 2,2,12,RS005: Pie or doughnut chart | 100% stacked bar chart | Small-multiple composition bars ; RS008: 100% stacked bar chart | Small-multiple composition bars,show_variability | target_audience | temporal_context
Primary task: Composition | Form of accelerometer metric: Classified behaviour | Display level: One selected unit | Comparison: Conditions (Independent) | Compositional parts: 3,2,12,RS005: Pie or doughnut chart | 100% stacked bar chart | Small-multiple composition bars ; RS019: 100% stacked bar chart | Small-multiple composition bars | Ternary plot,show_variability | target_audience | temporal_context
Primary task: Composition | Form of accelerometer metric: Classified behaviour | Display level: One selected unit | Comparison: Conditions (Independent) | Compositional parts: 4,2,12,RS005: Pie or doughnut chart | 100% stacked bar chart | Small-multiple composition bars ; RS008: 100% stacked bar chart | Small-multiple composition bars,show_variability | target_audience | temporal_context
Primary task: Composition | Form of accelerometer metric: Classified behaviour | Display level: One selected unit | Comparison: Conditions (Paired or repeated) | Linked comparison levels: 2 | Compositional parts: 2,2,12,RS005: Pie or doughnut chart | 100% stacked bar chart | Small-multiple composition bars ; RS008: 100% stacked bar chart | Small-multiple composition bars,show_variability | target_audience | temporal_context
Primary task: Composition | Form of accelerometer metric: Classified behaviour | Display level: One selected unit | Comparison: Conditions (Paired or repeated) | Linked comparison levels: 2 | Compositional parts: 3,2,12,RS005: Pie or doughnut chart | 100% stacked bar chart | Small-multiple composition bars ; RS019: 100% stacked bar chart | Small-multiple composition bars | Ternary plot,show_variability | target_audience | temporal_context
Primary task: Composition | Form of accelerometer metric: Classified behaviour | Display level: One selected unit | Comparison: Conditions (Paired or repeated) | Linked comparison levels: 2 | Compositional parts: 4,2,12,RS005: Pie or doughnut chart | 100% stacked bar chart | Small-multiple composition bars ; RS008: 100% stacked bar chart | Small-multiple composition bars,show_variability | target_audience | temporal_context
Primary task: Composition | Form of accelerometer metric: Classified behaviour | Display level: One selected unit | Comparison: Conditions (Paired or repeated) | Linked comparison levels: 3 | Compositional parts: 2,2,12,RS005: Pie or doughnut chart | 100% stacked bar chart | Small-multiple composition bars ; RS008: 100% stacked bar chart | Small-multiple composition bars,show_variability | target_audience | temporal_context
Primary task: Composition | Form of accelerometer metric: Classified behaviour | Display level: One selected unit | Comparison: Conditions (Paired or repeated) | Linked comparison levels: 3 | Compositional parts: 3,2,12,RS005: Pie or doughnut chart | 100% stacked bar chart | Small-multiple composition bars ; RS019: 100% stacked bar chart | Small-multiple composition bars | Ternary plot,show_variability | target_audience | temporal_context
Primary task: Composition | Form of accelerometer metric: Classified behaviour | Display level: One selected unit | Comparison: Conditions (Paired or repeated) | Linked comparison levels: 3 | Compositional parts: 4,2,12,RS005: Pie or doughnut chart | 100% stacked bar chart | Small-multiple composition bars ; RS008: 100% stacked bar chart | Small-multiple composition bars,show_variability | target_audience | temporal_context
Primary task: Composition | Form of accelerometer metric: Classified behaviour | Display level: One selected unit | Comparison: Discrete time periods (Independent) | Compositional parts: 2,2,12,RS005: Pie or doughnut chart | 100% stacked bar chart | Small-multiple composition bars ; RS008: 100% stacked bar chart | Small-multiple composition bars,show_variability | target_audience | temporal_context
Primary task: Composition | Form of accelerometer metric: Classified behaviour | Display level: One selected unit | Comparison: Discrete time periods (Independent) | Compositional parts: 3,2,12,RS005: Pie or doughnut chart | 100% stacked bar chart | Small-multiple composition bars ; RS019: 100% stacked bar chart | Small-multiple composition bars | Ternary plot,show_variability | target_audience | temporal_context
Primary task: Composition | Form of accelerometer metric: Classified behaviour | Display level: One selected unit | Comparison: Discrete time periods (Independent) | Compositional parts: 4,2,12,RS005: Pie or doughnut chart | 100% stacked bar chart | Small-multiple composition bars ; RS008: 100% stacked bar chart | Small-multiple composition bars,show_variability | target_audience | temporal_context
Primary task: Composition | Form of accelerometer metric: Classified behaviour | Display level: One selected unit | Comparison: Discrete time periods (Paired or repeated) | Linked comparison levels: 2 | Compositional parts: 2,2,12,RS005: Pie or doughnut chart | 100% stacked bar chart | Small-multiple composition bars ; RS008: 100% stacked bar chart | Small-multiple composition bars,show_variability | target_audience | temporal_context
Primary task: Composition | Form of accelerometer metric: Classified behaviour | Display level: One selected unit | Comparison: Discrete time periods (Paired or repeated) | Linked comparison levels: 2 | Compositional parts: 3,2,12,RS005: Pie or doughnut chart | 100% stacked bar chart | Small-multiple composition bars ; RS019: 100% stacked bar chart | Small-multiple composition bars | Ternary plot,show_variability | target_audience | temporal_context
Primary task: Composition | Form of accelerometer metric: Classified behaviour | Display level: One selected unit | Comparison: Discrete time periods (Paired or repeated) | Linked comparison levels: 2 | Compositional parts: 4,2,12,RS005: Pie or doughnut chart | 100% stacked bar chart | Small-multiple composition bars ; RS008: 100% stacked bar chart | Small-multiple composition bars,show_variability | target_audience | temporal_context
Primary task: Composition | Form of accelerometer metric: Classified behaviour | Display level: One selected unit | Comparison: Discrete time periods (Paired or repeated) | Linked comparison levels: 3 | Compositional parts: 2,2,12,RS005: Pie or doughnut chart | 100% stacked bar chart | Small-multiple composition bars ; RS008: 100% stacked bar chart | Small-multiple composition bars,show_variability | target_audience | temporal_context
Primary task: Composition | Form of accelerometer metric: Classified behaviour | Display level: One selected unit | Comparison: Discrete time periods (Paired or repeated) | Linked comparison levels: 3 | Compositional parts: 3,2,12,RS005: Pie or doughnut chart | 100% stacked bar chart | Small-multiple composition bars ; RS019: 100% stacked bar chart | Small-multiple composition bars | Ternary plot,show_variability | target_audience | temporal_context
Primary task: Composition | Form of accelerometer metric: Classified behaviour | Display level: One selected unit | Comparison: Discrete time periods (Paired or repeated) | Linked comparison levels: 3 | Compositional parts: 4,2,12,RS005: Pie or doughnut chart | 100% stacked bar chart | Small-multiple composition bars ; RS008: 100% stacked bar chart | Small-multiple composition bars,show_variability | target_audience | temporal_context
Primary task: Composition | Form of accelerometer metric: Classified behaviour | Display level: One selected unit | Comparison: Groups (Independent) | Compositional parts: 2,2,12,RS005: Pie or doughnut chart | 100% stacked bar chart | Small-multiple composition bars ; RS008: 100% stacked bar chart | Small-multiple composition bars,show_variability | target_audience | temporal_context
Primary task: Composition | Form of accelerometer metric: Classified behaviour | Display level: One selected unit | Comparison: Groups (Independent) | Compositional parts: 3,2,12,RS005: Pie or doughnut chart | 100% stacked bar chart | Small-multiple composition bars ; RS019: 100% stacked bar chart | Small-multiple composition bars | Ternary plot,show_variability | target_audience | temporal_context
Primary task: Composition | Form of accelerometer metric: Classified behaviour | Display level: One selected unit | Comparison: Groups (Independent) | Compositional parts: 4,2,12,RS005: Pie or doughnut chart | 100% stacked bar chart | Small-multiple composition bars ; RS008: 100% stacked bar chart | Small-multiple composition bars,show_variability | target_audience | temporal_context
Primary task: Composition | Form of accelerometer metric: Classified behaviour | Display level: One selected unit | Comparison: Groups (Paired or repeated) | Linked comparison levels: 2 | Compositional parts: 2,2,12,RS005: Pie or doughnut chart | 100% stacked bar chart | Small-multiple composition bars ; RS008: 100% stacked bar chart | Small-multiple composition bars,show_variability | target_audience | temporal_context
Primary task: Composition | Form of accelerometer metric: Classified behaviour | Display level: One selected unit | Comparison: Groups (Paired or repeated) | Linked comparison levels: 2 | Compositional parts: 3,2,12,RS005: Pie or doughnut chart | 100% stacked bar chart | Small-multiple composition bars ; RS019: 100% stacked bar chart | Small-multiple composition bars | Ternary plot,show_variability | target_audience | temporal_context
Primary task: Composition | Form of accelerometer metric: Classified behaviour | Display level: One selected unit | Comparison: Groups (Paired or repeated) | Linked comparison levels: 2 | Compositional parts: 4,2,12,RS005: Pie or doughnut chart | 100% stacked bar chart | Small-multiple composition bars ; RS008: 100% stacked bar chart | Small-multiple composition bars,show_variability | target_audience | temporal_context
Primary task: Composition | Form of accelerometer metric: Classified behaviour | Display level: One selected unit | Comparison: Groups (Paired or repeated) | Linked comparison levels: 3 | Compositional parts: 2,2,12,RS005: Pie or doughnut chart | 100% stacked bar chart | Small-multiple composition bars ; RS008: 100% stacked bar chart | Small-multiple composition bars,show_variability | target_audience | temporal_context
Primary task: Composition | Form of accelerometer metric: Classified behaviour | Display level: One selected unit | Comparison: Groups (Paired or repeated) | Linked comparison levels: 3 | Compositional parts: 3,2,12,RS005: Pie or doughnut chart | 100% stacked bar chart | Small-multiple composition bars ; RS019: 100% stacked bar chart | Small-multiple composition bars | Ternary plot,show_variability | target_audience | temporal_context
Primary task: Composition | Form of accelerometer metric: Classified behaviour | Display level: One selected unit | Comparison: Groups (Paired or repeated) | Linked comparison levels: 3 | Compositional parts: 4,2,12,RS005: Pie or doughnut chart | 100% stacked bar chart | Small-multiple composition bars ; RS008: 100% stacked bar chart | Small-multiple composition bars,show_variability | target_audience | temporal_context
Primary task: Composition | Form of accelerometer metric: Classified behaviour | Display level: One selected unit | Comparison: No explicit comparison | Compositional parts: 2,2,12,RS021: Pie or doughnut chart | 100% stacked bar chart ; RS022: 100% stacked bar chart,show_variability | target_audience | temporal_context
Primary task: Composition | Form of accelerometer metric: Classified behaviour | Display level: One selected unit | Comparison: No explicit comparison | Compositional parts: 3,2,12,RS021: Pie or doughnut chart | 100% stacked bar chart ; RS028: 100% stacked bar chart | Ternary plot,show_variability | target_audience | temporal_context
Primary task: Composition | Form of accelerometer metric: Classified behaviour | Display level: One selected unit | Comparison: No explicit comparison | Compositional parts: 4,2,12,RS021: Pie or doughnut chart | 100% stacked bar chart ; RS022: 100% stacked bar chart,show_variability | target_audience | temporal_context
Primary task: Composition | Form of accelerometer metric: Classified behaviour | Display level: Summary values only | Comparison: Conditions (Independent) | Compositional parts: 2,2,12,RS005: Pie or doughnut chart | 100% stacked bar chart | Small-multiple composition bars ; RS008: 100% stacked bar chart | Small-multiple composition bars,show_variability | target_audience | temporal_context
Primary task: Composition | Form of accelerometer metric: Classified behaviour | Display level: Summary values only | Comparison: Conditions (Independent) | Compositional parts: 3,2,12,RS005: Pie or doughnut chart | 100% stacked bar chart | Small-multiple composition bars ; RS019: 100% stacked bar chart | Small-multiple composition bars | Ternary plot,show_variability | target_audience | temporal_context
Primary task: Composition | Form of accelerometer metric: Classified behaviour | Display level: Summary values only | Comparison: Conditions (Independent) | Compositional parts: 4,2,12,RS005: Pie or doughnut chart | 100% stacked bar chart | Small-multiple composition bars ; RS008: 100% stacked bar chart | Small-multiple composition bars,show_variability | target_audience | temporal_context
Primary task: Composition | Form of accelerometer metric: Classified behaviour | Display level: Summary values only | Comparison: Conditions (Paired or repeated) | Linked comparison levels: 2 | Compositional parts: 2,2,12,RS005: Pie or doughnut chart | 100% stacked bar chart | Small-multiple composition bars ; RS008: 100% stacked bar chart | Small-multiple composition bars,show_variability | target_audience | temporal_context
Primary task: Composition | Form of accelerometer metric: Classified behaviour | Display level: Summary values only | Comparison: Conditions (Paired or repeated) | Linked comparison levels: 2 | Compositional parts: 3,2,12,RS005: Pie or doughnut chart | 100% stacked bar chart | Small-multiple composition bars ; RS019: 100% stacked bar chart | Small-multiple composition bars | Ternary plot,show_variability | target_audience | temporal_context
Primary task: Composition | Form of accelerometer metric: Classified behaviour | Display level: Summary values only | Comparison: Conditions (Paired or repeated) | Linked comparison levels: 2 | Compositional parts: 4,2,12,RS005: Pie or doughnut chart | 100% stacked bar chart | Small-multiple composition bars ; RS008: 100% stacked bar chart | Small-multiple composition bars,show_variability | target_audience | temporal_context
Primary task: Composition | Form of accelerometer metric: Classified behaviour | Display level: Summary values only | Comparison: Conditions (Paired or repeated) | Linked comparison levels: 3 | Compositional parts: 2,2,12,RS005: Pie or doughnut chart | 100% stacked bar chart | Small-multiple composition bars ; RS008: 100% stacked bar chart | Small-multiple composition bars,show_variability | target_audience | temporal_context
Primary task: Composition | Form of accelerometer metric: Classified behaviour | Display level: Summary values only | Comparison: Conditions (Paired or repeated) | Linked comparison levels: 3 | Compositional parts: 3,2,12,RS005: Pie or doughnut chart | 100% stacked bar chart | Small-multiple composition bars ; RS019: 100% stacked bar chart | Small-multiple composition bars | Ternary plot,show_variability | target_audience | temporal_context
Primary task: Composition | Form of accelerometer metric: Classified behaviour | Display level: Summary values only | Comparison: Conditions (Paired or repeated) | Linked comparison levels: 3 | Compositional parts: 4,2,12,RS005: Pie or doughnut chart | 100% stacked bar chart | Small-multiple composition bars ; RS008: 100% stacked bar chart | Small-multiple composition bars,show_variability | target_audience | temporal_context
Primary task: Composition | Form of accelerometer metric: Classified behaviour | Display level: Summary values only | Comparison: Discrete time periods (Independent) | Compositional parts: 2,2,12,RS005: Pie or doughnut chart | 100% stacked bar chart | Small-multiple composition bars ; RS008: 100% stacked bar chart | Small-multiple composition bars,show_variability | target_audience | temporal_context
Primary task: Composition | Form of accelerometer metric: Classified behaviour | Display level: Summary values only | Comparison: Discrete time periods (Independent) | Compositional parts: 3,2,12,RS005: Pie or doughnut chart | 100% stacked bar chart | Small-multiple composition bars ; RS019: 100% stacked bar chart | Small-multiple composition bars | Ternary plot,show_variability | target_audience | temporal_context
Primary task: Composition | Form of accelerometer metric: Classified behaviour | Display level: Summary values only | Comparison: Discrete time periods (Independent) | Compositional parts: 4,2,12,RS005: Pie or doughnut chart | 100% stacked bar chart | Small-multiple composition bars ; RS008: 100% stacked bar chart | Small-multiple composition bars,show_variability | target_audience | temporal_context
Primary task: Composition | Form of accelerometer metric: Classified behaviour | Display level: Summary values only | Comparison: Discrete time periods (Paired or repeated) | Linked comparison levels: 2 | Compositional parts: 2,2,12,RS005: Pie or doughnut chart | 100% stacked bar chart | Small-multiple composition bars ; RS008: 100% stacked bar chart | Small-multiple composition bars,show_variability | target_audience | temporal_context
Primary task: Composition | Form of accelerometer metric: Classified behaviour | Display level: Summary values only | Comparison: Discrete time periods (Paired or repeated) | Linked comparison levels: 2 | Compositional parts: 3,2,12,RS005: Pie or doughnut chart | 100% stacked bar chart | Small-multiple composition bars ; RS019: 100% stacked bar chart | Small-multiple composition bars | Ternary plot,show_variability | target_audience | temporal_context
Primary task: Composition | Form of accelerometer metric: Classified behaviour | Display level: Summary values only | Comparison: Discrete time periods (Paired or repeated) | Linked comparison levels: 2 | Compositional parts: 4,2,12,RS005: Pie or doughnut chart | 100% stacked bar chart | Small-multiple composition bars ; RS008: 100% stacked bar chart | Small-multiple composition bars,show_variability | target_audience | temporal_context
Primary task: Composition | Form of accelerometer metric: Classified behaviour | Display level: Summary values only | Comparison: Discrete time periods (Paired or repeated) | Linked comparison levels: 3 | Compositional parts: 2,2,12,RS005: Pie or doughnut chart | 100% stacked bar chart | Small-multiple composition bars ; RS008: 100% stacked bar chart | Small-multiple composition bars,show_variability | target_audience | temporal_context
Primary task: Composition | Form of accelerometer metric: Classified behaviour | Display level: Summary values only | Comparison: Discrete time periods (Paired or repeated) | Linked comparison levels: 3 | Compositional parts: 3,2,12,RS005: Pie or doughnut chart | 100% stacked bar chart | Small-multiple composition bars ; RS019: 100% stacked bar chart | Small-multiple composition bars | Ternary plot,show_variability | target_audience | temporal_context
Primary task: Composition | Form of accelerometer metric: Classified behaviour | Display level: Summary values only | Comparison: Discrete time periods (Paired or repeated) | Linked comparison levels: 3 | Compositional parts: 4,2,12,RS005: Pie or doughnut chart | 100% stacked bar chart | Small-multiple composition bars ; RS008: 100% stacked bar chart | Small-multiple composition bars,show_variability | target_audience | temporal_context
Primary task: Composition | Form of accelerometer metric: Classified behaviour | Display level: Summary values only | Comparison: Groups (Independent) | Compositional parts: 2,2,12,RS005: Pie or doughnut chart | 100% stacked bar chart | Small-multiple composition bars ; RS008: 100% stacked bar chart | Small-multiple composition bars,show_variability | target_audience | temporal_context
Primary task: Composition | Form of accelerometer metric: Classified behaviour | Display level: Summary values only | Comparison: Groups (Independent) | Compositional parts: 3,2,12,RS005: Pie or doughnut chart | 100% stacked bar chart | Small-multiple composition bars ; RS019: 100% stacked bar chart | Small-multiple composition bars | Ternary plot,show_variability | target_audience | temporal_context
Primary task: Composition | Form of accelerometer metric: Classified behaviour | Display level: Summary values only | Comparison: Groups (Independent) | Compositional parts: 4,2,12,RS005: Pie or doughnut chart | 100% stacked bar chart | Small-multiple composition bars ; RS008: 100% stacked bar chart | Small-multiple composition bars,show_variability | target_audience | temporal_context
Primary task: Composition | Form of accelerometer metric: Classified behaviour | Display level: Summary values only | Comparison: Groups (Paired or repeated) | Linked comparison levels: 2 | Compositional parts: 2,2,12,RS005: Pie or doughnut chart | 100% stacked bar chart | Small-multiple composition bars ; RS008: 100% stacked bar chart | Small-multiple composition bars,show_variability | target_audience | temporal_context
Primary task: Composition | Form of accelerometer metric: Classified behaviour | Display level: Summary values only | Comparison: Groups (Paired or repeated) | Linked comparison levels: 2 | Compositional parts: 3,2,12,RS005: Pie or doughnut chart | 100% stacked bar chart | Small-multiple composition bars ; RS019: 100% stacked bar chart | Small-multiple composition bars | Ternary plot,show_variability | target_audience | temporal_context
Primary task: Composition | Form of accelerometer metric: Classified behaviour | Display level: Summary values only | Comparison: Groups (Paired or repeated) | Linked comparison levels: 2 | Compositional parts: 4,2,12,RS005: Pie or doughnut chart | 100% stacked bar chart | Small-multiple composition bars ; RS008: 100% stacked bar chart | Small-multiple composition bars,show_variability | target_audience | temporal_context
Primary task: Composition | Form of accelerometer metric: Classified behaviour | Display level: Summary values only | Comparison: Groups (Paired or repeated) | Linked comparison levels: 3 | Compositional parts: 2,2,12,RS005: Pie or doughnut chart | 100% stacked bar chart | Small-multiple composition bars ; RS008: 100% stacked bar chart | Small-multiple composition bars,show_variability | target_audience | temporal_context
Primary task: Composition | Form of accelerometer metric: Classified behaviour | Display level: Summary values only | Comparison: Groups (Paired or repeated) | Linked comparison levels: 3 | Compositional parts: 3,2,12,RS005: Pie or doughnut chart | 100% stacked bar chart | Small-multiple composition bars ; RS019: 100% stacked bar chart | Small-multiple composition bars | Ternary plot,show_variability | target_audience | temporal_context
Primary task: Composition | Form of accelerometer metric: Classified behaviour | Display level: Summary values only | Comparison: Groups (Paired or repeated) | Linked comparison levels: 3 | Compositional parts: 4,2,12,RS005: Pie or doughnut chart | 100% stacked bar chart | Small-multiple composition bars ; RS008: 100% stacked bar chart | Small-multiple composition bars,show_variability | target_audience | temporal_context
Primary task: Composition | Form of accelerometer metric: Classified behaviour | Display level: Summary values only | Comparison: No explicit comparison | Compositional parts: 2,2,12,RS021: Pie or doughnut chart | 100% stacked bar chart ; RS022: 100% stacked bar chart,show_variability | target_audience | temporal_context
Primary task: Composition | Form of accelerometer metric: Classified behaviour | Display level: Summary values only | Comparison: No explicit comparison | Compositional parts: 3,2,12,RS021: Pie or doughnut chart | 100% stacked bar chart ; RS028: 100% stacked bar chart | Ternary plot,show_variability | target_audience | temporal_context
Primary task: Composition | Form of accelerometer metric: Classified behaviour | Display level: Summary values only | Comparison: No explicit comparison | Compositional parts: 4,2,12,RS021: Pie or doughnut chart | 100% stacked bar chart ; RS022: 100% stacked bar chart,show_variability | target_audience | temporal_context
"Primary task: Composition | Form of accelerometer metric: Movement-behaviour composition | Display level: Multiple participants, days, or bouts | Comparison: Conditions (Independent) | Compositional parts: 2",2,12,RS005: Pie or doughnut chart | 100% stacked bar chart | Small-multiple composition bars ; RS008: 100% stacked bar chart | Small-multiple composition bars,show_variability | target_audience | temporal_context
"Primary task: Composition | Form of accelerometer metric: Movement-behaviour composition | Display level: Multiple participants, days, or bouts | Comparison: Conditions (Independent) | Compositional parts: 3",2,12,RS005: Pie or doughnut chart | 100% stacked bar chart | Small-multiple composition bars ; RS019: 100% stacked bar chart | Small-multiple composition bars | Ternary plot,show_variability | target_audience | temporal_context
"Primary task: Composition | Form of accelerometer metric: Movement-behaviour composition | Display level: Multiple participants, days, or bouts | Comparison: Conditions (Independent) | Compositional parts: 4",2,12,RS005: Pie or doughnut chart | 100% stacked bar chart | Small-multiple composition bars ; RS008: 100% stacked bar chart | Small-multiple composition bars,show_variability | target_audience | temporal_context
"Primary task: Composition | Form of accelerometer metric: Movement-behaviour composition | Display level: Multiple participants, days, or bouts | Comparison: Conditions (Paired or repeated) | Linked comparison levels: 2 | Compositional parts: 2",2,12,RS005: Pie or doughnut chart | 100% stacked bar chart | Small-multiple composition bars ; RS008: 100% stacked bar chart | Small-multiple composition bars,show_variability | target_audience | temporal_context
"Primary task: Composition | Form of accelerometer metric: Movement-behaviour composition | Display level: Multiple participants, days, or bouts | Comparison: Conditions (Paired or repeated) | Linked comparison levels: 2 | Compositional parts: 3",2,12,RS005: Pie or doughnut chart | 100% stacked bar chart | Small-multiple composition bars ; RS019: 100% stacked bar chart | Small-multiple composition bars | Ternary plot,show_variability | target_audience | temporal_context
"Primary task: Composition | Form of accelerometer metric: Movement-behaviour composition | Display level: Multiple participants, days, or bouts | Comparison: Conditions (Paired or repeated) | Linked comparison levels: 2 | Compositional parts: 4",2,12,RS005: Pie or doughnut chart | 100% stacked bar chart | Small-multiple composition bars ; RS008: 100% stacked bar chart | Small-multiple composition bars,show_variability | target_audience | temporal_context
"Primary task: Composition | Form of accelerometer metric: Movement-behaviour composition | Display level: Multiple participants, days, or bouts | Comparison: Conditions (Paired or repeated) | Linked comparison levels: 3 | Compositional parts: 2",2,12,RS005: Pie or doughnut chart | 100% stacked bar chart | Small-multiple composition bars ; RS008: 100% stacked bar chart | Small-multiple composition bars,show_variability | target_audience | temporal_context
"Primary task: Composition | Form of accelerometer metric: Movement-behaviour composition | Display level: Multiple participants, days, or bouts | Comparison: Conditions (Paired or repeated) | Linked comparison levels: 3 | Compositional parts: 3",2,12,RS005: Pie or doughnut chart | 100% stacked bar chart | Small-multiple composition bars ; RS019: 100% stacked bar chart | Small-multiple composition bars | Ternary plot,show_variability | target_audience | temporal_context
"Primary task: Composition | Form of accelerometer metric: Movement-behaviour composition | Display level: Multiple participants, days, or bouts | Comparison: Conditions (Paired or repeated) | Linked comparison levels: 3 | Compositional parts: 4",2,12,RS005: Pie or doughnut chart | 100% stacked bar chart | Small-multiple composition bars ; RS008: 100% stacked bar chart | Small-multiple composition bars,show_variability | target_audience | temporal_context
"Primary task: Composition | Form of accelerometer metric: Movement-behaviour composition | Display level: Multiple participants, days, or bouts | Comparison: Discrete time periods (Independent) | Compositional parts: 2",2,12,RS005: Pie or doughnut chart | 100% stacked bar chart | Small-multiple composition bars ; RS008: 100% stacked bar chart | Small-multiple composition bars,show_variability | target_audience | temporal_context
"Primary task: Composition | Form of accelerometer metric: Movement-behaviour composition | Display level: Multiple participants, days, or bouts | Comparison: Discrete time periods (Independent) | Compositional parts: 3",2,12,RS005: Pie or doughnut chart | 100% stacked bar chart | Small-multiple composition bars ; RS019: 100% stacked bar chart | Small-multiple composition bars | Ternary plot,show_variability | target_audience | temporal_context
"Primary task: Composition | Form of accelerometer metric: Movement-behaviour composition | Display level: Multiple participants, days, or bouts | Comparison: Discrete time periods (Independent) | Compositional parts: 4",2,12,RS005: Pie or doughnut chart | 100% stacked bar chart | Small-multiple composition bars ; RS008: 100% stacked bar chart | Small-multiple composition bars,show_variability | target_audience | temporal_context
"Primary task: Composition | Form of accelerometer metric: Movement-behaviour composition | Display level: Multiple participants, days, or bouts | Comparison: Discrete time periods (Paired or repeated) | Linked comparison levels: 2 | Compositional parts: 2",2,12,RS005: Pie or doughnut chart | 100% stacked bar chart | Small-multiple composition bars ; RS008: 100% stacked bar chart | Small-multiple composition bars,show_variability | target_audience | temporal_context
"Primary task: Composition | Form of accelerometer metric: Movement-behaviour composition | Display level: Multiple participants, days, or bouts | Comparison: Discrete time periods (Paired or repeated) | Linked comparison levels: 2 | Compositional parts: 3",2,12,RS005: Pie or doughnut chart | 100% stacked bar chart | Small-multiple composition bars ; RS019: 100% stacked bar chart | Small-multiple composition bars | Ternary plot,show_variability | target_audience | temporal_context
"Primary task: Composition | Form of accelerometer metric: Movement-behaviour composition | Display level: Multiple participants, days, or bouts | Comparison: Discrete time periods (Paired or repeated) | Linked comparison levels: 2 | Compositional parts: 4",2,12,RS005: Pie or doughnut chart | 100% stacked bar chart | Small-multiple composition bars ; RS008: 100% stacked bar chart | Small-multiple composition bars,show_variability | target_audience | temporal_context
"Primary task: Composition | Form of accelerometer metric: Movement-behaviour composition | Display level: Multiple participants, days, or bouts | Comparison: Discrete time periods (Paired or repeated) | Linked comparison levels: 3 | Compositional parts: 2",2,12,RS005: Pie or doughnut chart | 100% stacked bar chart | Small-multiple composition bars ; RS008: 100% stacked bar chart | Small-multiple composition bars,show_variability | target_audience | temporal_context
"Primary task: Composition | Form of accelerometer metric: Movement-behaviour composition | Display level: Multiple participants, days, or bouts | Comparison: Discrete time periods (Paired or repeated) | Linked comparison levels: 3 | Compositional parts: 3",2,12,RS005: Pie or doughnut chart | 100% stacked bar chart | Small-multiple composition bars ; RS019: 100% stacked bar chart | Small-multiple composition bars | Ternary plot,show_variability | target_audience | temporal_context
"Primary task: Composition | Form of accelerometer metric: Movement-behaviour composition | Display level: Multiple participants, days, or bouts | Comparison: Discrete time periods (Paired or repeated) | Linked comparison levels: 3 | Compositional parts: 4",2,12,RS005: Pie or doughnut chart | 100% stacked bar chart | Small-multiple composition bars ; RS008: 100% stacked bar chart | Small-multiple composition bars,show_variability | target_audience | temporal_context
"Primary task: Composition | Form of accelerometer metric: Movement-behaviour composition | Display level: Multiple participants, days, or bouts | Comparison: Groups (Independent) | Compositional parts: 2",2,12,RS005: Pie or doughnut chart | 100% stacked bar chart | Small-multiple composition bars ; RS008: 100% stacked bar chart | Small-multiple composition bars,show_variability | target_audience | temporal_context
"Primary task: Composition | Form of accelerometer metric: Movement-behaviour composition | Display level: Multiple participants, days, or bouts | Comparison: Groups (Independent) | Compositional parts: 3",2,12,RS005: Pie or doughnut chart | 100% stacked bar chart | Small-multiple composition bars ; RS019: 100% stacked bar chart | Small-multiple composition bars | Ternary plot,show_variability | target_audience | temporal_context
"Primary task: Composition | Form of accelerometer metric: Movement-behaviour composition | Display level: Multiple participants, days, or bouts | Comparison: Groups (Independent) | Compositional parts: 4",2,12,RS005: Pie or doughnut chart | 100% stacked bar chart | Small-multiple composition bars ; RS008: 100% stacked bar chart | Small-multiple composition bars,show_variability | target_audience | temporal_context
"Primary task: Composition | Form of accelerometer metric: Movement-behaviour composition | Display level: Multiple participants, days, or bouts | Comparison: Groups (Paired or repeated) | Linked comparison levels: 2 | Compositional parts: 2",2,12,RS005: Pie or doughnut chart | 100% stacked bar chart | Small-multiple composition bars ; RS008: 100% stacked bar chart | Small-multiple composition bars,show_variability | target_audience | temporal_context
"Primary task: Composition | Form of accelerometer metric: Movement-behaviour composition | Display level: Multiple participants, days, or bouts | Comparison: Groups (Paired or repeated) | Linked comparison levels: 2 | Compositional parts: 3",2,12,RS005: Pie or doughnut chart | 100% stacked bar chart | Small-multiple composition bars ; RS019: 100% stacked bar chart | Small-multiple composition bars | Ternary plot,show_variability | target_audience | temporal_context
"Primary task: Composition | Form of accelerometer metric: Movement-behaviour composition | Display level: Multiple participants, days, or bouts | Comparison: Groups (Paired or repeated) | Linked comparison levels: 2 | Compositional parts: 4",2,12,RS005: Pie or doughnut chart | 100% stacked bar chart | Small-multiple composition bars ; RS008: 100% stacked bar chart | Small-multiple composition bars,show_variability | target_audience | temporal_context
"Primary task: Composition | Form of accelerometer metric: Movement-behaviour composition | Display level: Multiple participants, days, or bouts | Comparison: Groups (Paired or repeated) | Linked comparison levels: 3 | Compositional parts: 2",2,12,RS005: Pie or doughnut chart | 100% stacked bar chart | Small-multiple composition bars ; RS008: 100% stacked bar chart | Small-multiple composition bars,show_variability | target_audience | temporal_context
"Primary task: Composition | Form of accelerometer metric: Movement-behaviour composition | Display level: Multiple participants, days, or bouts | Comparison: Groups (Paired or repeated) | Linked comparison levels: 3 | Compositional parts: 3",2,12,RS005: Pie or doughnut chart | 100% stacked bar chart | Small-multiple composition bars ; RS019: 100% stacked bar chart | Small-multiple composition bars | Ternary plot,show_variability | target_audience | temporal_context
"Primary task: Composition | Form of accelerometer metric: Movement-behaviour composition | Display level: Multiple participants, days, or bouts | Comparison: Groups (Paired or repeated) | Linked comparison levels: 3 | Compositional parts: 4",2,12,RS005: Pie or doughnut chart | 100% stacked bar chart | Small-multiple composition bars ; RS008: 100% stacked bar chart | Small-multiple composition bars,show_variability | target_audience | temporal_context
"Primary task: Composition | Form of accelerometer metric: Movement-behaviour composition | Display level: Multiple participants, days, or bouts | Comparison: No explicit comparison | Compositional parts: 2",2,12,RS021: Pie or doughnut chart | 100% stacked bar chart ; RS022: 100% stacked bar chart,show_variability | target_audience | temporal_context
"Primary task: Composition | Form of accelerometer metric: Movement-behaviour composition | Display level: Multiple participants, days, or bouts | Comparison: No explicit comparison | Compositional parts: 3",2,12,RS021: Pie or doughnut chart | 100% stacked bar chart ; RS028: 100% stacked bar chart | Ternary plot,show_variability | target_audience | temporal_context
"Primary task: Composition | Form of accelerometer metric: Movement-behaviour composition | Display level: Multiple participants, days, or bouts | Comparison: No explicit comparison | Compositional parts: 4",2,12,RS021: Pie or doughnut chart | 100% stacked bar chart ; RS022: 100% stacked bar chart,show_variability | target_audience | temporal_context
Primary task: Composition | Form of accelerometer metric: Movement-behaviour composition | Display level: One selected unit | Comparison: Conditions (Independent) | Compositional parts: 2,2,12,RS005: Pie or doughnut chart | 100% stacked bar chart | Small-multiple composition bars ; RS008: 100% stacked bar chart | Small-multiple composition bars,show_variability | target_audience | temporal_context
Primary task: Composition | Form of accelerometer metric: Movement-behaviour composition | Display level: One selected unit | Comparison: Conditions (Independent) | Compositional parts: 3,2,12,RS005: Pie or doughnut chart | 100% stacked bar chart | Small-multiple composition bars ; RS019: 100% stacked bar chart | Small-multiple composition bars | Ternary plot,show_variability | target_audience | temporal_context
Primary task: Composition | Form of accelerometer metric: Movement-behaviour composition | Display level: One selected unit | Comparison: Conditions (Independent) | Compositional parts: 4,2,12,RS005: Pie or doughnut chart | 100% stacked bar chart | Small-multiple composition bars ; RS008: 100% stacked bar chart | Small-multiple composition bars,show_variability | target_audience | temporal_context
Primary task: Composition | Form of accelerometer metric: Movement-behaviour composition | Display level: One selected unit | Comparison: Conditions (Paired or repeated) | Linked comparison levels: 2 | Compositional parts: 2,2,12,RS005: Pie or doughnut chart | 100% stacked bar chart | Small-multiple composition bars ; RS008: 100% stacked bar chart | Small-multiple composition bars,show_variability | target_audience | temporal_context
Primary task: Composition | Form of accelerometer metric: Movement-behaviour composition | Display level: One selected unit | Comparison: Conditions (Paired or repeated) | Linked comparison levels: 2 | Compositional parts: 3,2,12,RS005: Pie or doughnut chart | 100% stacked bar chart | Small-multiple composition bars ; RS019: 100% stacked bar chart | Small-multiple composition bars | Ternary plot,show_variability | target_audience | temporal_context
Primary task: Composition | Form of accelerometer metric: Movement-behaviour composition | Display level: One selected unit | Comparison: Conditions (Paired or repeated) | Linked comparison levels: 2 | Compositional parts: 4,2,12,RS005: Pie or doughnut chart | 100% stacked bar chart | Small-multiple composition bars ; RS008: 100% stacked bar chart | Small-multiple composition bars,show_variability | target_audience | temporal_context
Primary task: Composition | Form of accelerometer metric: Movement-behaviour composition | Display level: One selected unit | Comparison: Conditions (Paired or repeated) | Linked comparison levels: 3 | Compositional parts: 2,2,12,RS005: Pie or doughnut chart | 100% stacked bar chart | Small-multiple composition bars ; RS008: 100% stacked bar chart | Small-multiple composition bars,show_variability | target_audience | temporal_context
Primary task: Composition | Form of accelerometer metric: Movement-behaviour composition | Display level: One selected unit | Comparison: Conditions (Paired or repeated) | Linked comparison levels: 3 | Compositional parts: 3,2,12,RS005: Pie or doughnut chart | 100% stacked bar chart | Small-multiple composition bars ; RS019: 100% stacked bar chart | Small-multiple composition bars | Ternary plot,show_variability | target_audience | temporal_context
Primary task: Composition | Form of accelerometer metric: Movement-behaviour composition | Display level: One selected unit | Comparison: Conditions (Paired or repeated) | Linked comparison levels: 3 | Compositional parts: 4,2,12,RS005: Pie or doughnut chart | 100% stacked bar chart | Small-multiple composition bars ; RS008: 100% stacked bar chart | Small-multiple composition bars,show_variability | target_audience | temporal_context
Primary task: Composition | Form of accelerometer metric: Movement-behaviour composition | Display level: One selected unit | Comparison: Discrete time periods (Independent) | Compositional parts: 2,2,12,RS005: Pie or doughnut chart | 100% stacked bar chart | Small-multiple composition bars ; RS008: 100% stacked bar chart | Small-multiple composition bars,show_variability | target_audience | temporal_context
Primary task: Composition | Form of accelerometer metric: Movement-behaviour composition | Display level: One selected unit | Comparison: Discrete time periods (Independent) | Compositional parts: 3,2,12,RS005: Pie or doughnut chart | 100% stacked bar chart | Small-multiple composition bars ; RS019: 100% stacked bar chart | Small-multiple composition bars | Ternary plot,show_variability | target_audience | temporal_context
Primary task: Composition | Form of accelerometer metric: Movement-behaviour composition | Display level: One selected unit | Comparison: Discrete time periods (Independent) | Compositional parts: 4,2,12,RS005: Pie or doughnut chart | 100% stacked bar chart | Small-multiple composition bars ; RS008: 100% stacked bar chart | Small-multiple composition bars,show_variability | target_audience | temporal_context
Primary task: Composition | Form of accelerometer metric: Movement-behaviour composition | Display level: One selected unit | Comparison: Discrete time periods (Paired or repeated) | Linked comparison levels: 2 | Compositional parts: 2,2,12,RS005: Pie or doughnut chart | 100% stacked bar chart | Small-multiple composition bars ; RS008: 100% stacked bar chart | Small-multiple composition bars,show_variability | target_audience | temporal_context
Primary task: Composition | Form of accelerometer metric: Movement-behaviour composition | Display level: One selected unit | Comparison: Discrete time periods (Paired or repeated) | Linked comparison levels: 2 | Compositional parts: 3,2,12,RS005: Pie or doughnut chart | 100% stacked bar chart | Small-multiple composition bars ; RS019: 100% stacked bar chart | Small-multiple composition bars | Ternary plot,show_variability | target_audience | temporal_context
Primary task: Composition | Form of accelerometer metric: Movement-behaviour composition | Display level: One selected unit | Comparison: Discrete time periods (Paired or repeated) | Linked comparison levels: 2 | Compositional parts: 4,2,12,RS005: Pie or doughnut chart | 100% stacked bar chart | Small-multiple composition bars ; RS008: 100% stacked bar chart | Small-multiple composition bars,show_variability | target_audience | temporal_context
Primary task: Composition | Form of accelerometer metric: Movement-behaviour composition | Display level: One selected unit | Comparison: Discrete time periods (Paired or repeated) | Linked comparison levels: 3 | Compositional parts: 2,2,12,RS005: Pie or doughnut chart | 100% stacked bar chart | Small-multiple composition bars ; RS008: 100% stacked bar chart | Small-multiple composition bars,show_variability | target_audience | temporal_context
Primary task: Composition | Form of accelerometer metric: Movement-behaviour composition | Display level: One selected unit | Comparison: Discrete time periods (Paired or repeated) | Linked comparison levels: 3 | Compositional parts: 3,2,12,RS005: Pie or doughnut chart | 100% stacked bar chart | Small-multiple composition bars ; RS019: 100% stacked bar chart | Small-multiple composition bars | Ternary plot,show_variability | target_audience | temporal_context
Primary task: Composition | Form of accelerometer metric: Movement-behaviour composition | Display level: One selected unit | Comparison: Discrete time periods (Paired or repeated) | Linked comparison levels: 3 | Compositional parts: 4,2,12,RS005: Pie or doughnut chart | 100% stacked bar chart | Small-multiple composition bars ; RS008: 100% stacked bar chart | Small-multiple composition bars,show_variability | target_audience | temporal_context
Primary task: Composition | Form of accelerometer metric: Movement-behaviour composition | Display level: One selected unit | Comparison: Groups (Independent) | Compositional parts: 2,2,12,RS005: Pie or doughnut chart | 100% stacked bar chart | Small-multiple composition bars ; RS008: 100% stacked bar chart | Small-multiple composition bars,show_variability | target_audience | temporal_context
Primary task: Composition | Form of accelerometer metric: Movement-behaviour composition | Display level: One selected unit | Comparison: Groups (Independent) | Compositional parts: 3,2,12,RS005: Pie or doughnut chart | 100% stacked bar chart | Small-multiple composition bars ; RS019: 100% stacked bar chart | Small-multiple composition bars | Ternary plot,show_variability | target_audience | temporal_context
Primary task: Composition | Form of accelerometer metric: Movement-behaviour composition | Display level: One selected unit | Comparison: Groups (Independent) | Compositional parts: 4,2,12,RS005: Pie or doughnut chart | 100% stacked bar chart | Small-multiple composition bars ; RS008: 100% stacked bar chart | Small-multiple composition bars,show_variability | target_audience | temporal_context
Primary task: Composition | Form of accelerometer metric: Movement-behaviour composition | Display level: One selected unit | Comparison: Groups (Paired or repeated) | Linked comparison levels: 2 | Compositional parts: 2,2,12,RS005: Pie or doughnut chart | 100% stacked bar chart | Small-multiple composition bars ; RS008: 100% stacked bar chart | Small-multiple composition bars,show_variability | target_audience | temporal_context
Primary task: Composition | Form of accelerometer metric: Movement-behaviour composition | Display level: One selected unit | Comparison: Groups (Paired or repeated) | Linked comparison levels: 2 | Compositional parts: 3,2,12,RS005: Pie or doughnut chart | 100% stacked bar chart | Small-multiple composition bars ; RS019: 100% stacked bar chart | Small-multiple composition bars | Ternary plot,show_variability | target_audience | temporal_context
Primary task: Composition | Form of accelerometer metric: Movement-behaviour composition | Display level: One selected unit | Comparison: Groups (Paired or repeated) | Linked comparison levels: 2 | Compositional parts: 4,2,12,RS005: Pie or doughnut chart | 100% stacked bar chart | Small-multiple composition bars ; RS008: 100% stacked bar chart | Small-multiple composition bars,show_variability | target_audience | temporal_context
Primary task: Composition | Form of accelerometer metric: Movement-behaviour composition | Display level: One selected unit | Comparison: Groups (Paired or repeated) | Linked comparison levels: 3 | Compositional parts: 2,2,12,RS005: Pie or doughnut chart | 100% stacked bar chart | Small-multiple composition bars ; RS008: 100% stacked bar chart | Small-multiple composition bars,show_variability | target_audience | temporal_context
Primary task: Composition | Form of accelerometer metric: Movement-behaviour composition | Display level: One selected unit | Comparison: Groups (Paired or repeated) | Linked comparison levels: 3 | Compositional parts: 3,2,12,RS005: Pie or doughnut chart | 100% stacked bar chart | Small-multiple composition bars ; RS019: 100% stacked bar chart | Small-multiple composition bars | Ternary plot,show_variability | target_audience | temporal_context
Primary task: Composition | Form of accelerometer metric: Movement-behaviour composition | Display level: One selected unit | Comparison: Groups (Paired or repeated) | Linked comparison levels: 3 | Compositional parts: 4,2,12,RS005: Pie or doughnut chart | 100% stacked bar chart | Small-multiple composition bars ; RS008: 100% stacked bar chart | Small-multiple composition bars,show_variability | target_audience | temporal_context
Primary task: Composition | Form of accelerometer metric: Movement-behaviour composition | Display level: One selected unit | Comparison: No explicit comparison | Compositional parts: 2,2,12,RS021: Pie or doughnut chart | 100% stacked bar chart ; RS022: 100% stacked bar chart,show_variability | target_audience | temporal_context
Primary task: Composition | Form of accelerometer metric: Movement-behaviour composition | Display level: One selected unit | Comparison: No explicit comparison | Compositional parts: 3,2,12,RS021: Pie or doughnut chart | 100% stacked bar chart ; RS028: 100% stacked bar chart | Ternary plot,show_variability | target_audience | temporal_context
Primary task: Composition | Form of accelerometer metric: Movement-behaviour composition | Display level: One selected unit | Comparison: No explicit comparison | Compositional parts: 4,2,12,RS021: Pie or doughnut chart | 100% stacked bar chart ; RS022: 100% stacked bar chart,show_variability | target_audience | temporal_context
Primary task: Composition | Form of accelerometer metric: Movement-behaviour composition | Display level: Summary values only | Comparison: Conditions (Independent) | Compositional parts: 2,2,12,RS005: Pie or doughnut chart | 100% stacked bar chart | Small-multiple composition bars ; RS008: 100% stacked bar chart | Small-multiple composition bars,show_variability | target_audience | temporal_context
Primary task: Composition | Form of accelerometer metric: Movement-behaviour composition | Display level: Summary values only | Comparison: Conditions (Independent) | Compositional parts: 3,2,12,RS005: Pie or doughnut chart | 100% stacked bar chart | Small-multiple composition bars ; RS019: 100% stacked bar chart | Small-multiple composition bars | Ternary plot,show_variability | target_audience | temporal_context
Primary task: Composition | Form of accelerometer metric: Movement-behaviour composition | Display level: Summary values only | Comparison: Conditions (Independent) | Compositional parts: 4,2,12,RS005: Pie or doughnut chart | 100% stacked bar chart | Small-multiple composition bars ; RS008: 100% stacked bar chart | Small-multiple composition bars,show_variability | target_audience | temporal_context
Primary task: Composition | Form of accelerometer metric: Movement-behaviour composition | Display level: Summary values only | Comparison: Conditions (Paired or repeated) | Linked comparison levels: 2 | Compositional parts: 2,2,12,RS005: Pie or doughnut chart | 100% stacked bar chart | Small-multiple composition bars ; RS008: 100% stacked bar chart | Small-multiple composition bars,show_variability | target_audience | temporal_context
Primary task: Composition | Form of accelerometer metric: Movement-behaviour composition | Display level: Summary values only | Comparison: Conditions (Paired or repeated) | Linked comparison levels: 2 | Compositional parts: 3,2,12,RS005: Pie or doughnut chart | 100% stacked bar chart | Small-multiple composition bars ; RS019: 100% stacked bar chart | Small-multiple composition bars | Ternary plot,show_variability | target_audience | temporal_context
Primary task: Composition | Form of accelerometer metric: Movement-behaviour composition | Display level: Summary values only | Comparison: Conditions (Paired or repeated) | Linked comparison levels: 2 | Compositional parts: 4,2,12,RS005: Pie or doughnut chart | 100% stacked bar chart | Small-multiple composition bars ; RS008: 100% stacked bar chart | Small-multiple composition bars,show_variability | target_audience | temporal_context
Primary task: Composition | Form of accelerometer metric: Movement-behaviour composition | Display level: Summary values only | Comparison: Conditions (Paired or repeated) | Linked comparison levels: 3 | Compositional parts: 2,2,12,RS005: Pie or doughnut chart | 100% stacked bar chart | Small-multiple composition bars ; RS008: 100% stacked bar chart | Small-multiple composition bars,show_variability | target_audience | temporal_context
Primary task: Composition | Form of accelerometer metric: Movement-behaviour composition | Display level: Summary values only | Comparison: Conditions (Paired or repeated) | Linked comparison levels: 3 | Compositional parts: 3,2,12,RS005: Pie or doughnut chart | 100% stacked bar chart | Small-multiple composition bars ; RS019: 100% stacked bar chart | Small-multiple composition bars | Ternary plot,show_variability | target_audience | temporal_context
Primary task: Composition | Form of accelerometer metric: Movement-behaviour composition | Display level: Summary values only | Comparison: Conditions (Paired or repeated) | Linked comparison levels: 3 | Compositional parts: 4,2,12,RS005: Pie or doughnut chart | 100% stacked bar chart | Small-multiple composition bars ; RS008: 100% stacked bar chart | Small-multiple composition bars,show_variability | target_audience | temporal_context
Primary task: Composition | Form of accelerometer metric: Movement-behaviour composition | Display level: Summary values only | Comparison: Discrete time periods (Independent) | Compositional parts: 2,2,12,RS005: Pie or doughnut chart | 100% stacked bar chart | Small-multiple composition bars ; RS008: 100% stacked bar chart | Small-multiple composition bars,show_variability | target_audience | temporal_context
Primary task: Composition | Form of accelerometer metric: Movement-behaviour composition | Display level: Summary values only | Comparison: Discrete time periods (Independent) | Compositional parts: 3,2,12,RS005: Pie or doughnut chart | 100% stacked bar chart | Small-multiple composition bars ; RS019: 100% stacked bar chart | Small-multiple composition bars | Ternary plot,show_variability | target_audience | temporal_context
Primary task: Composition | Form of accelerometer metric: Movement-behaviour composition | Display level: Summary values only | Comparison: Discrete time periods (Independent) | Compositional parts: 4,2,12,RS005: Pie or doughnut chart | 100% stacked bar chart | Small-multiple composition bars ; RS008: 100% stacked bar chart | Small-multiple composition bars,show_variability | target_audience | temporal_context
Primary task: Composition | Form of accelerometer metric: Movement-behaviour composition | Display level: Summary values only | Comparison: Discrete time periods (Paired or repeated) | Linked comparison levels: 2 | Compositional parts: 2,2,12,RS005: Pie or doughnut chart | 100% stacked bar chart | Small-multiple composition bars ; RS008: 100% stacked bar chart | Small-multiple composition bars,show_variability | target_audience | temporal_context
Primary task: Composition | Form of accelerometer metric: Movement-behaviour composition | Display level: Summary values only | Comparison: Discrete time periods (Paired or repeated) | Linked comparison levels: 2 | Compositional parts: 3,2,12,RS005: Pie or doughnut chart | 100% stacked bar chart | Small-multiple composition bars ; RS019: 100% stacked bar chart | Small-multiple composition bars | Ternary plot,show_variability | target_audience | temporal_context
Primary task: Composition | Form of accelerometer metric: Movement-behaviour composition | Display level: Summary values only | Comparison: Discrete time periods (Paired or repeated) | Linked comparison levels: 2 | Compositional parts: 4,2,12,RS005: Pie or doughnut chart | 100% stacked bar chart | Small-multiple composition bars ; RS008: 100% stacked bar chart | Small-multiple composition bars,show_variability | target_audience | temporal_context
Primary task: Composition | Form of accelerometer metric: Movement-behaviour composition | Display level: Summary values only | Comparison: Discrete time periods (Paired or repeated) | Linked comparison levels: 3 | Compositional parts: 2,2,12,RS005: Pie or doughnut chart | 100% stacked bar chart | Small-multiple composition bars ; RS008: 100% stacked bar chart | Small-multiple composition bars,show_variability | target_audience | temporal_context
Primary task: Composition | Form of accelerometer metric: Movement-behaviour composition | Display level: Summary values only | Comparison: Discrete time periods (Paired or repeated) | Linked comparison levels: 3 | Compositional parts: 3,2,12,RS005: Pie or doughnut chart | 100% stacked bar chart | Small-multiple composition bars ; RS019: 100% stacked bar chart | Small-multiple composition bars | Ternary plot,show_variability | target_audience | temporal_context
Primary task: Composition | Form of accelerometer metric: Movement-behaviour composition | Display level: Summary values only | Comparison: Discrete time periods (Paired or repeated) | Linked comparison levels: 3 | Compositional parts: 4,2,12,RS005: Pie or doughnut chart | 100% stacked bar chart | Small-multiple composition bars ; RS008: 100% stacked bar chart | Small-multiple composition bars,show_variability | target_audience | temporal_context
Primary task: Composition | Form of accelerometer metric: Movement-behaviour composition | Display level: Summary values only | Comparison: Groups (Independent) | Compositional parts: 2,2,12,RS005: Pie or doughnut chart | 100% stacked bar chart | Small-multiple composition bars ; RS008: 100% stacked bar chart | Small-multiple composition bars,show_variability | target_audience | temporal_context
Primary task: Composition | Form of accelerometer metric: Movement-behaviour composition | Display level: Summary values only | Comparison: Groups (Independent) | Compositional parts: 3,2,12,RS005: Pie or doughnut chart | 100% stacked bar chart | Small-multiple composition bars ; RS019: 100% stacked bar chart | Small-multiple composition bars | Ternary plot,show_variability | target_audience | temporal_context
Primary task: Composition | Form of accelerometer metric: Movement-behaviour composition | Display level: Summary values only | Comparison: Groups (Independent) | Compositional parts: 4,2,12,RS005: Pie or doughnut chart | 100% stacked bar chart | Small-multiple composition bars ; RS008: 100% stacked bar chart | Small-multiple composition bars,show_variability | target_audience | temporal_context
Primary task: Composition | Form of accelerometer metric: Movement-behaviour composition | Display level: Summary values only | Comparison: Groups (Paired or repeated) | Linked comparison levels: 2 | Compositional parts: 2,2,12,RS005: Pie or doughnut chart | 100% stacked bar chart | Small-multiple composition bars ; RS008: 100% stacked bar chart | Small-multiple composition bars,show_variability | target_audience | temporal_context
Primary task: Composition | Form of accelerometer metric: Movement-behaviour composition | Display level: Summary values only | Comparison: Groups (Paired or repeated) | Linked comparison levels: 2 | Compositional parts: 3,2,12,RS005: Pie or doughnut chart | 100% stacked bar chart | Small-multiple composition bars ; RS019: 100% stacked bar chart | Small-multiple composition bars | Ternary plot,show_variability | target_audience | temporal_context
Primary task: Composition | Form of accelerometer metric: Movement-behaviour composition | Display level: Summary values only | Comparison: Groups (Paired or repeated) | Linked comparison levels: 2 | Compositional parts: 4,2,12,RS005: Pie or doughnut chart | 100% stacked bar chart | Small-multiple composition bars ; RS008: 100% stacked bar chart | Small-multiple composition bars,show_variability | target_audience | temporal_context
Primary task: Composition | Form of accelerometer metric: Movement-behaviour composition | Display level: Summary values only | Comparison: Groups (Paired or repeated) | Linked comparison levels: 3 | Compositional parts: 2,2,12,RS005: Pie or doughnut chart | 100% stacked bar chart | Small-multiple composition bars ; RS008: 100% stacked bar chart | Small-multiple composition bars,show_variability | target_audience | temporal_context
Primary task: Composition | Form of accelerometer metric: Movement-behaviour composition | Display level: Summary values only | Comparison: Groups (Paired or repeated) | Linked comparison levels: 3 | Compositional parts: 3,2,12,RS005: Pie or doughnut chart | 100% stacked bar chart | Small-multiple composition bars ; RS019: 100% stacked bar chart | Small-multiple composition bars | Ternary plot,show_variability | target_audience | temporal_context
Primary task: Composition | Form of accelerometer metric: Movement-behaviour composition | Display level: Summary values only | Comparison: Groups (Paired or repeated) | Linked comparison levels: 3 | Compositional parts: 4,2,12,RS005: Pie or doughnut chart | 100% stacked bar chart | Small-multiple composition bars ; RS008: 100% stacked bar chart | Small-multiple composition bars,show_variability | target_audience | temporal_context
Primary task: Composition | Form of accelerometer metric: Movement-behaviour composition | Display level: Summary values only | Comparison: No explicit comparison | Compositional parts: 2,2,12,RS021: Pie or doughnut chart | 100% stacked bar chart ; RS022: 100% stacked bar chart,show_variability | target_audience | temporal_context
Primary task: Composition | Form of accelerometer metric: Movement-behaviour composition | Display level: Summary values only | Comparison: No explicit comparison | Compositional parts: 3,2,12,RS021: Pie or doughnut chart | 100% stacked bar chart ; RS028: 100% stacked bar chart | Ternary plot,show_variability | target_audience | temporal_context
Primary task: Composition | Form of accelerometer metric: Movement-behaviour composition | Display level: Summary values only | Comparison: No explicit comparison | Compositional parts: 4,2,12,RS021: Pie or doughnut chart | 100% stacked bar chart ; RS022: 100% stacked bar chart,show_variability | target_audience | temporal_context
"Primary task: How much, how often, or how long / compare values | Form of accelerometer metric: Classified behaviour | Display level: Summary values only | Comparison: Conditions (Independent)",2,12,RS024: Point-range plot | Bar chart ; RS025: Summary dot plot | Bar chart,show_variability | target_audience | temporal_context
"Primary task: How much, how often, or how long / compare values | Form of accelerometer metric: Classified behaviour | Display level: Summary values only | Comparison: Discrete time periods (Independent)",2,12,RS024: Point-range plot | Bar chart ; RS025: Summary dot plot | Bar chart,show_variability | target_audience | temporal_context
"Primary task: How much, how often, or how long / compare values | Form of accelerometer metric: Classified behaviour | Display level: Summary values only | Comparison: Groups (Independent)",2,12,RS024: Point-range plot | Bar chart ; RS025: Summary dot plot | Bar chart,show_variability | target_audience | temporal_context
"Primary task: How much, how often, or how long / compare values | Form of accelerometer metric: Classified behaviour | Display level: Summary values only | Comparison: No explicit comparison",2,12,RS029: Point-range plot ; RS030: Summary dot plot | Bar chart,show_variability | target_audience | temporal_context
"Primary task: How much, how often, or how long / compare values | Form of accelerometer metric: Continuous signal | Display level: Summary values only | Comparison: Conditions (Independent)",2,12,RS024: Point-range plot | Bar chart ; RS025: Summary dot plot | Bar chart,show_variability | target_audience | temporal_context
"Primary task: How much, how often, or how long / compare values | Form of accelerometer metric: Continuous signal | Display level: Summary values only | Comparison: Discrete time periods (Independent)",2,12,RS024: Point-range plot | Bar chart ; RS025: Summary dot plot | Bar chart,show_variability | target_audience | temporal_context
"Primary task: How much, how often, or how long / compare values | Form of accelerometer metric: Continuous signal | Display level: Summary values only | Comparison: Groups (Independent)",2,12,RS024: Point-range plot | Bar chart ; RS025: Summary dot plot | Bar chart,show_variability | target_audience | temporal_context
"Primary task: How much, how often, or how long / compare values | Form of accelerometer metric: Continuous signal | Display level: Summary values only | Comparison: No explicit comparison",2,12,RS029: Point-range plot ; RS030: Summary dot plot | Bar chart,show_variability | target_audience | temporal_context
"Primary task: How much, how often, or how long / compare values | Form of accelerometer metric: Derived metric | Display level: Summary values only | Comparison: Conditions (Independent)",2,12,RS024: Point-range plot | Bar chart ; RS025: Summary dot plot | Bar chart,show_variability | target_audience | temporal_context
"Primary task: How much, how often, or how long / compare values | Form of accelerometer metric: Derived metric | Display level: Summary values only | Comparison: Discrete time periods (Independent)",2,12,RS024: Point-range plot | Bar chart ; RS025: Summary dot plot | Bar chart,show_variability | target_audience | temporal_context
"Primary task: How much, how often, or how long / compare values | Form of accelerometer metric: Derived metric | Display level: Summary values only | Comparison: Groups (Independent)",2,12,RS024: Point-range plot | Bar chart ; RS025: Summary dot plot | Bar chart,show_variability | target_audience | temporal_context
"Primary task: How much, how often, or how long / compare values | Form of accelerometer metric: Derived metric | Display level: Summary values only | Comparison: No explicit comparison",2,12,RS029: Point-range plot ; RS030: Summary dot plot | Bar chart,show_variability | target_audience | temporal_context
"Primary task: How much, how often, or how long / compare values | Form of accelerometer metric: Movement-behaviour composition | Display level: Summary values only | Comparison: Conditions (Independent)",2,12,RS024: Point-range plot | Bar chart ; RS025: Summary dot plot | Bar chart,show_variability | target_audience | temporal_context
"Primary task: How much, how often, or how long / compare values | Form of accelerometer metric: Movement-behaviour composition | Display level: Summary values only | Comparison: Discrete time periods (Independent)",2,12,RS024: Point-range plot | Bar chart ; RS025: Summary dot plot | Bar chart,show_variability | target_audience | temporal_context
"Primary task: How much, how often, or how long / compare values | Form of accelerometer metric: Movement-behaviour composition | Display level: Summary values only | Comparison: Groups (Independent)",2,12,RS024: Point-range plot | Bar chart ; RS025: Summary dot plot | Bar chart,show_variability | target_audience | temporal_context
"Primary task: How much, how often, or how long / compare values | Form of accelerometer metric: Movement-behaviour composition | Display level: Summary values only | Comparison: No explicit comparison",2,12,RS029: Point-range plot ; RS030: Summary dot plot | Bar chart,show_variability | target_audience | temporal_context
